path_1,path_2,score
audio/speaker_segments/Ses01F_impro01_F009.wav,audio/speaker_segments/Ses01F_impro01_F009.wav,1.0
audio/speaker_segments/Ses01F_impro01_F009.wav,audio/speaker_segments/Ses01F_impro01_F008.wav,0.3987523913383484
audio/speaker_segments/Ses01F_impro01_F009.wav,audio/speaker_segments/Ses01F_impro01_M001.wav,0.014746513217687607
audio/speaker_segments/Ses01F_impro01_F009.wav,audio/speaker_segments/Ses01F_impro01_M003.wav,0.04375152662396431
audio/speaker_segments/Ses01F_impro01_F009.wav,audio/speaker_segments/Ses01F_impro01_M002.wav,0.03865308314561844
audio/speaker_segments/Ses01F_impro01_F009.wav,audio/speaker_segments/Ses01F_impro01_M012.wav,-0.0005789920687675476
audio/speaker_segments/Ses01F_impro01_F009.wav,audio/speaker_segments/Ses01F_impro01_M006.wav,0.1061236709356308
audio/speaker_segments/Ses01F_impro01_F009.wav,audio/speaker_segments/Ses01F_impro01_M007.wav,0.002967327833175659
audio/speaker_segments/Ses01F_impro01_F009.wav,audio/speaker_segments/Ses01F_impro01_M013.wav,-0.0063111307099461555
audio/speaker_segments/Ses01F_impro01_F009.wav,audio/speaker_segments/Ses01F_impro01_M005.wav,-0.008618094027042389
audio/speaker_segments/Ses01F_impro01_F009.wav,audio/speaker_segments/Ses01F_impro01_M011.wav,-0.009502466768026352
audio/speaker_segments/Ses01F_impro01_F009.wav,audio/speaker_segments/Ses01F_impro01_M010.wav,-0.012106874957680702
audio/speaker_segments/Ses01F_impro01_F009.wav,audio/speaker_segments/Ses01F_impro01_M004.wav,0.06448569893836975
audio/speaker_segments/Ses01F_impro01_F009.wav,audio/speaker_segments/Ses01F_impro01_M009.wav,0.04833080247044563
audio/speaker_segments/Ses01F_impro01_F009.wav,audio/speaker_segments/Ses01F_impro01_F000.wav,0.19585810601711273
audio/speaker_segments/Ses01F_impro01_F009.wav,audio/speaker_segments/Ses01F_impro01_F014.wav,0.5130708813667297
audio/speaker_segments/Ses01F_impro01_F009.wav,audio/speaker_segments/Ses01F_impro01_F015.wav,0.41256213188171387
audio/speaker_segments/Ses01F_impro01_F009.wav,audio/speaker_segments/Ses01F_impro01_F001.wav,0.21019361913204193
audio/speaker_segments/Ses01F_impro01_F009.wav,audio/speaker_segments/Ses01F_impro01_M008.wav,0.08197887241840363
audio/speaker_segments/Ses01F_impro01_F009.wav,audio/speaker_segments/Ses01F_impro01_F003.wav,0.3461167514324188
audio/speaker_segments/Ses01F_impro01_F009.wav,audio/speaker_segments/Ses01F_impro01_F002.wav,0.33790838718414307
audio/speaker_segments/Ses01F_impro01_F009.wav,audio/speaker_segments/Ses01F_impro01_F012.wav,0.4238128662109375
audio/speaker_segments/Ses01F_impro01_F009.wav,audio/speaker_segments/Ses01F_impro01_F006.wav,0.4538026750087738
audio/speaker_segments/Ses01F_impro01_F009.wav,audio/speaker_segments/Ses01F_impro01_F007.wav,0.5197038054466248
audio/speaker_segments/Ses01F_impro01_F009.wav,audio/speaker_segments/Ses01F_impro01_F013.wav,0.2412564903497696
audio/speaker_segments/Ses01F_impro01_F009.wav,audio/speaker_segments/Ses01F_impro01_F005.wav,0.3343677818775177
audio/speaker_segments/Ses01F_impro01_F009.wav,audio/speaker_segments/Ses01F_impro01_F011.wav,0.544814944267273
audio/speaker_segments/Ses01F_impro01_F009.wav,audio/speaker_segments/Ses01F_impro01_F010.wav,0.19193531572818756
audio/speaker_segments/Ses01F_impro01_F009.wav,audio/speaker_segments/Ses01F_impro01_F004.wav,0.48749837279319763
audio/speaker_segments/Ses01F_impro01_F008.wav,audio/speaker_segments/Ses01F_impro01_F009.wav,0.3987523913383484
audio/speaker_segments/Ses01F_impro01_F008.wav,audio/speaker_segments/Ses01F_impro01_F008.wav,1.0000001192092896
audio/speaker_segments/Ses01F_impro01_F008.wav,audio/speaker_segments/Ses01F_impro01_M001.wav,0.0790613517165184
audio/speaker_segments/Ses01F_impro01_F008.wav,audio/speaker_segments/Ses01F_impro01_M003.wav,0.1355319619178772
audio/speaker_segments/Ses01F_impro01_F008.wav,audio/speaker_segments/Ses01F_impro01_M002.wav,0.12443487346172333
audio/speaker_segments/Ses01F_impro01_F008.wav,audio/speaker_segments/Ses01F_impro01_M012.wav,0.05354909598827362
audio/speaker_segments/Ses01F_impro01_F008.wav,audio/speaker_segments/Ses01F_impro01_M006.wav,0.16484352946281433
audio/speaker_segments/Ses01F_impro01_F008.wav,audio/speaker_segments/Ses01F_impro01_M007.wav,0.11791949719190598
audio/speaker_segments/Ses01F_impro01_F008.wav,audio/speaker_segments/Ses01F_impro01_M013.wav,0.06521124392747879
audio/speaker_segments/Ses01F_impro01_F008.wav,audio/speaker_segments/Ses01F_impro01_M005.wav,0.11798557639122009
audio/speaker_segments/Ses01F_impro01_F008.wav,audio/speaker_segments/Ses01F_impro01_M011.wav,0.07327814400196075
audio/speaker_segments/Ses01F_impro01_F008.wav,audio/speaker_segments/Ses01F_impro01_M010.wav,0.12494086474180222
audio/speaker_segments/Ses01F_impro01_F008.wav,audio/speaker_segments/Ses01F_impro01_M004.wav,0.13977397978305817
audio/speaker_segments/Ses01F_impro01_F008.wav,audio/speaker_segments/Ses01F_impro01_M009.wav,0.09363874793052673
audio/speaker_segments/Ses01F_impro01_F008.wav,audio/speaker_segments/Ses01F_impro01_F000.wav,0.16969741880893707
audio/speaker_segments/Ses01F_impro01_F008.wav,audio/speaker_segments/Ses01F_impro01_F014.wav,0.3601754605770111
audio/speaker_segments/Ses01F_impro01_F008.wav,audio/speaker_segments/Ses01F_impro01_F015.wav,0.25163933634757996
audio/speaker_segments/Ses01F_impro01_F008.wav,audio/speaker_segments/Ses01F_impro01_F001.wav,0.2024211287498474
audio/speaker_segments/Ses01F_impro01_F008.wav,audio/speaker_segments/Ses01F_impro01_M008.wav,0.1246861144900322
audio/speaker_segments/Ses01F_impro01_F008.wav,audio/speaker_segments/Ses01F_impro01_F003.wav,0.26180726289749146
audio/speaker_segments/Ses01F_impro01_F008.wav,audio/speaker_segments/Ses01F_impro01_F002.wav,0.21639248728752136
audio/speaker_segments/Ses01F_impro01_F008.wav,audio/speaker_segments/Ses01F_impro01_F012.wav,0.28357142210006714
audio/speaker_segments/Ses01F_impro01_F008.wav,audio/speaker_segments/Ses01F_impro01_F006.wav,0.4752393662929535
audio/speaker_segments/Ses01F_impro01_F008.wav,audio/speaker_segments/Ses01F_impro01_F007.wav,0.6275734901428223
audio/speaker_segments/Ses01F_impro01_F008.wav,audio/speaker_segments/Ses01F_impro01_F013.wav,0.30783727765083313
audio/speaker_segments/Ses01F_impro01_F008.wav,audio/speaker_segments/Ses01F_impro01_F005.wav,0.39548903703689575
audio/speaker_segments/Ses01F_impro01_F008.wav,audio/speaker_segments/Ses01F_impro01_F011.wav,0.6543222665786743
audio/speaker_segments/Ses01F_impro01_F008.wav,audio/speaker_segments/Ses01F_impro01_F010.wav,0.31664836406707764
audio/speaker_segments/Ses01F_impro01_F008.wav,audio/speaker_segments/Ses01F_impro01_F004.wav,0.4775603711605072
audio/speaker_segments/Ses01F_impro01_M001.wav,audio/speaker_segments/Ses01F_impro01_F009.wav,0.014746513217687607
audio/speaker_segments/Ses01F_impro01_M001.wav,audio/speaker_segments/Ses01F_impro01_F008.wav,0.0790613517165184
audio/speaker_segments/Ses01F_impro01_M001.wav,audio/speaker_segments/Ses01F_impro01_M001.wav,1.0000001192092896
audio/speaker_segments/Ses01F_impro01_M001.wav,audio/speaker_segments/Ses01F_impro01_M003.wav,0.15641319751739502
audio/speaker_segments/Ses01F_impro01_M001.wav,audio/speaker_segments/Ses01F_impro01_M002.wav,0.15928342938423157
audio/speaker_segments/Ses01F_impro01_M001.wav,audio/speaker_segments/Ses01F_impro01_M012.wav,0.4428175985813141
audio/speaker_segments/Ses01F_impro01_M001.wav,audio/speaker_segments/Ses01F_impro01_M006.wav,0.20821048319339752
audio/speaker_segments/Ses01F_impro01_M001.wav,audio/speaker_segments/Ses01F_impro01_M007.wav,0.1929096281528473
audio/speaker_segments/Ses01F_impro01_M001.wav,audio/speaker_segments/Ses01F_impro01_M013.wav,0.08162647485733032
audio/speaker_segments/Ses01F_impro01_M001.wav,audio/speaker_segments/Ses01F_impro01_M005.wav,0.16562522947788239
audio/speaker_segments/Ses01F_impro01_M001.wav,audio/speaker_segments/Ses01F_impro01_M011.wav,0.19838595390319824
audio/speaker_segments/Ses01F_impro01_M001.wav,audio/speaker_segments/Ses01F_impro01_M010.wav,0.10882429778575897
audio/speaker_segments/Ses01F_impro01_M001.wav,audio/speaker_segments/Ses01F_impro01_M004.wav,0.24461868405342102
audio/speaker_segments/Ses01F_impro01_M001.wav,audio/speaker_segments/Ses01F_impro01_M009.wav,0.2536574900150299
audio/speaker_segments/Ses01F_impro01_M001.wav,audio/speaker_segments/Ses01F_impro01_F000.wav,-0.039323046803474426
audio/speaker_segments/Ses01F_impro01_M001.wav,audio/speaker_segments/Ses01F_impro01_F014.wav,-0.010522149503231049
audio/speaker_segments/Ses01F_impro01_M001.wav,audio/speaker_segments/Ses01F_impro01_F015.wav,-0.0003491528332233429
audio/speaker_segments/Ses01F_impro01_M001.wav,audio/speaker_segments/Ses01F_impro01_F001.wav,-0.008249256759881973
audio/speaker_segments/Ses01F_impro01_M001.wav,audio/speaker_segments/Ses01F_impro01_M008.wav,0.12336374819278717
audio/speaker_segments/Ses01F_impro01_M001.wav,audio/speaker_segments/Ses01F_impro01_F003.wav,0.040954187512397766
audio/speaker_segments/Ses01F_impro01_M001.wav,audio/speaker_segments/Ses01F_impro01_F002.wav,0.09511298686265945
audio/speaker_segments/Ses01F_impro01_M001.wav,audio/speaker_segments/Ses01F_impro01_F012.wav,0.002447802573442459
audio/speaker_segments/Ses01F_impro01_M001.wav,audio/speaker_segments/Ses01F_impro01_F006.wav,-0.05425117909908295
audio/speaker_segments/Ses01F_impro01_M001.wav,audio/speaker_segments/Ses01F_impro01_F007.wav,0.01705370657145977
audio/speaker_segments/Ses01F_impro01_M001.wav,audio/speaker_segments/Ses01F_impro01_F013.wav,0.04695618152618408
audio/speaker_segments/Ses01F_impro01_M001.wav,audio/speaker_segments/Ses01F_impro01_F005.wav,0.020561620593070984
audio/speaker_segments/Ses01F_impro01_M001.wav,audio/speaker_segments/Ses01F_impro01_F011.wav,-0.0028794370591640472
audio/speaker_segments/Ses01F_impro01_M001.wav,audio/speaker_segments/Ses01F_impro01_F010.wav,0.011696308851242065
audio/speaker_segments/Ses01F_impro01_M001.wav,audio/speaker_segments/Ses01F_impro01_F004.wav,-0.03750048205256462
audio/speaker_segments/Ses01F_impro01_M003.wav,audio/speaker_segments/Ses01F_impro01_F009.wav,0.04375152662396431
audio/speaker_segments/Ses01F_impro01_M003.wav,audio/speaker_segments/Ses01F_impro01_F008.wav,0.1355319619178772
audio/speaker_segments/Ses01F_impro01_M003.wav,audio/speaker_segments/Ses01F_impro01_M001.wav,0.15641319751739502
audio/speaker_segments/Ses01F_impro01_M003.wav,audio/speaker_segments/Ses01F_impro01_M003.wav,1.0000001192092896
audio/speaker_segments/Ses01F_impro01_M003.wav,audio/speaker_segments/Ses01F_impro01_M002.wav,0.6459376215934753
audio/speaker_segments/Ses01F_impro01_M003.wav,audio/speaker_segments/Ses01F_impro01_M012.wav,0.26060575246810913
audio/speaker_segments/Ses01F_impro01_M003.wav,audio/speaker_segments/Ses01F_impro01_M006.wav,0.7953466176986694
audio/speaker_segments/Ses01F_impro01_M003.wav,audio/speaker_segments/Ses01F_impro01_M007.wav,0.7830696702003479
audio/speaker_segments/Ses01F_impro01_M003.wav,audio/speaker_segments/Ses01F_impro01_M013.wav,0.4495675265789032
audio/speaker_segments/Ses01F_impro01_M003.wav,audio/speaker_segments/Ses01F_impro01_M005.wav,0.7457704544067383
audio/speaker_segments/Ses01F_impro01_M003.wav,audio/speaker_segments/Ses01F_impro01_M011.wav,0.7640122175216675
audio/speaker_segments/Ses01F_impro01_M003.wav,audio/speaker_segments/Ses01F_impro01_M010.wav,0.7415550947189331
audio/speaker_segments/Ses01F_impro01_M003.wav,audio/speaker_segments/Ses01F_impro01_M004.wav,0.5857716798782349
audio/speaker_segments/Ses01F_impro01_M003.wav,audio/speaker_segments/Ses01F_impro01_M009.wav,0.670708954334259
audio/speaker_segments/Ses01F_impro01_M003.wav,audio/speaker_segments/Ses01F_impro01_F000.wav,-0.010238483548164368
audio/speaker_segments/Ses01F_impro01_M003.wav,audio/speaker_segments/Ses01F_impro01_F014.wav,0.18008410930633545
audio/speaker_segments/Ses01F_impro01_M003.wav,audio/speaker_segments/Ses01F_impro01_F015.wav,0.19866734743118286
audio/speaker_segments/Ses01F_impro01_M003.wav,audio/speaker_segments/Ses01F_impro01_F001.wav,0.02830560877919197
audio/speaker_segments/Ses01F_impro01_M003.wav,audio/speaker_segments/Ses01F_impro01_M008.wav,0.7493704557418823
audio/speaker_segments/Ses01F_impro01_M003.wav,audio/speaker_segments/Ses01F_impro01_F003.wav,0.04225943982601166
audio/speaker_segments/Ses01F_impro01_M003.wav,audio/speaker_segments/Ses01F_impro01_F002.wav,0.07306460291147232
audio/speaker_segments/Ses01F_impro01_M003.wav,audio/speaker_segments/Ses01F_impro01_F012.wav,0.22280198335647583
audio/speaker_segments/Ses01F_impro01_M003.wav,audio/speaker_segments/Ses01F_impro01_F006.wav,0.017545253038406372
audio/speaker_segments/Ses01F_impro01_M003.wav,audio/speaker_segments/Ses01F_impro01_F007.wav,0.17884133756160736
audio/speaker_segments/Ses01F_impro01_M003.wav,audio/speaker_segments/Ses01F_impro01_F013.wav,0.13391733169555664
audio/speaker_segments/Ses01F_impro01_M003.wav,audio/speaker_segments/Ses01F_impro01_F005.wav,0.13009309768676758
audio/speaker_segments/Ses01F_impro01_M003.wav,audio/speaker_segments/Ses01F_impro01_F011.wav,0.14326153695583344
audio/speaker_segments/Ses01F_impro01_M003.wav,audio/speaker_segments/Ses01F_impro01_F010.wav,0.24625784158706665
audio/speaker_segments/Ses01F_impro01_M003.wav,audio/speaker_segments/Ses01F_impro01_F004.wav,0.14487773180007935
audio/speaker_segments/Ses01F_impro01_M002.wav,audio/speaker_segments/Ses01F_impro01_F009.wav,0.03865308314561844
audio/speaker_segments/Ses01F_impro01_M002.wav,audio/speaker_segments/Ses01F_impro01_F008.wav,0.12443487346172333
audio/speaker_segments/Ses01F_impro01_M002.wav,audio/speaker_segments/Ses01F_impro01_M001.wav,0.15928342938423157
audio/speaker_segments/Ses01F_impro01_M002.wav,audio/speaker_segments/Ses01F_impro01_M003.wav,0.6459376215934753
audio/speaker_segments/Ses01F_impro01_M002.wav,audio/speaker_segments/Ses01F_impro01_M002.wav,1.0000001192092896
audio/speaker_segments/Ses01F_impro01_M002.wav,audio/speaker_segments/Ses01F_impro01_M012.wav,0.39923834800720215
audio/speaker_segments/Ses01F_impro01_M002.wav,audio/speaker_segments/Ses01F_impro01_M006.wav,0.6119799613952637
audio/speaker_segments/Ses01F_impro01_M002.wav,audio/speaker_segments/Ses01F_impro01_M007.wav,0.5658461451530457
audio/speaker_segments/Ses01F_impro01_M002.wav,audio/speaker_segments/Ses01F_impro01_M013.wav,0.4661937654018402
audio/speaker_segments/Ses01F_impro01_M002.wav,audio/speaker_segments/Ses01F_impro01_M005.wav,0.6126948595046997
audio/speaker_segments/Ses01F_impro01_M002.wav,audio/speaker_segments/Ses01F_impro01_M011.wav,0.5962674021720886
audio/speaker_segments/Ses01F_impro01_M002.wav,audio/speaker_segments/Ses01F_impro01_M010.wav,0.5467311143875122
audio/speaker_segments/Ses01F_impro01_M002.wav,audio/speaker_segments/Ses01F_impro01_M004.wav,0.5772219300270081
audio/speaker_segments/Ses01F_impro01_M002.wav,audio/speaker_segments/Ses01F_impro01_M009.wav,0.5370200276374817
audio/speaker_segments/Ses01F_impro01_M002.wav,audio/speaker_segments/Ses01F_impro01_F000.wav,0.004257334396243095
audio/speaker_segments/Ses01F_impro01_M002.wav,audio/speaker_segments/Ses01F_impro01_F014.wav,0.005482422187924385
audio/speaker_segments/Ses01F_impro01_M002.wav,audio/speaker_segments/Ses01F_impro01_F015.wav,0.14958304166793823
audio/speaker_segments/Ses01F_impro01_M002.wav,audio/speaker_segments/Ses01F_impro01_F001.wav,-0.011390140280127525
audio/speaker_segments/Ses01F_impro01_M002.wav,audio/speaker_segments/Ses01F_impro01_M008.wav,0.6227124929428101
audio/speaker_segments/Ses01F_impro01_M002.wav,audio/speaker_segments/Ses01F_impro01_F003.wav,0.01060890406370163
audio/speaker_segments/Ses01F_impro01_M002.wav,audio/speaker_segments/Ses01F_impro01_F002.wav,0.04399941489100456
audio/speaker_segments/Ses01F_impro01_M002.wav,audio/speaker_segments/Ses01F_impro01_F012.wav,0.1183435320854187
audio/speaker_segments/Ses01F_impro01_M002.wav,audio/speaker_segments/Ses01F_impro01_F006.wav,-0.01952029950916767
audio/speaker_segments/Ses01F_impro01_M002.wav,audio/speaker_segments/Ses01F_impro01_F007.wav,0.13462992012500763
audio/speaker_segments/Ses01F_impro01_M002.wav,audio/speaker_segments/Ses01F_impro01_F013.wav,0.03991427272558212
audio/speaker_segments/Ses01F_impro01_M002.wav,audio/speaker_segments/Ses01F_impro01_F005.wav,0.11251896619796753
audio/speaker_segments/Ses01F_impro01_M002.wav,audio/speaker_segments/Ses01F_impro01_F011.wav,0.11536429822444916
audio/speaker_segments/Ses01F_impro01_M002.wav,audio/speaker_segments/Ses01F_impro01_F010.wav,0.07504943758249283
audio/speaker_segments/Ses01F_impro01_M002.wav,audio/speaker_segments/Ses01F_impro01_F004.wav,0.10000725835561752
audio/speaker_segments/Ses01F_impro01_M012.wav,audio/speaker_segments/Ses01F_impro01_F009.wav,-0.0005789920687675476
audio/speaker_segments/Ses01F_impro01_M012.wav,audio/speaker_segments/Ses01F_impro01_F008.wav,0.05354909598827362
audio/speaker_segments/Ses01F_impro01_M012.wav,audio/speaker_segments/Ses01F_impro01_M001.wav,0.4428175985813141
audio/speaker_segments/Ses01F_impro01_M012.wav,audio/speaker_segments/Ses01F_impro01_M003.wav,0.26060575246810913
audio/speaker_segments/Ses01F_impro01_M012.wav,audio/speaker_segments/Ses01F_impro01_M002.wav,0.39923834800720215
audio/speaker_segments/Ses01F_impro01_M012.wav,audio/speaker_segments/Ses01F_impro01_M012.wav,1.0000001192092896
audio/speaker_segments/Ses01F_impro01_M012.wav,audio/speaker_segments/Ses01F_impro01_M006.wav,0.28399187326431274
audio/speaker_segments/Ses01F_impro01_M012.wav,audio/speaker_segments/Ses01F_impro01_M007.wav,0.3597552478313446
audio/speaker_segments/Ses01F_impro01_M012.wav,audio/speaker_segments/Ses01F_impro01_M013.wav,0.16020120680332184
audio/speaker_segments/Ses01F_impro01_M012.wav,audio/speaker_segments/Ses01F_impro01_M005.wav,0.24221882224082947
audio/speaker_segments/Ses01F_impro01_M012.wav,audio/speaker_segments/Ses01F_impro01_M011.wav,0.33711785078048706
audio/speaker_segments/Ses01F_impro01_M012.wav,audio/speaker_segments/Ses01F_impro01_M010.wav,0.20422163605690002
audio/speaker_segments/Ses01F_impro01_M012.wav,audio/speaker_segments/Ses01F_impro01_M004.wav,0.22395546734333038
audio/speaker_segments/Ses01F_impro01_M012.wav,audio/speaker_segments/Ses01F_impro01_M009.wav,0.31507012248039246
audio/speaker_segments/Ses01F_impro01_M012.wav,audio/speaker_segments/Ses01F_impro01_F000.wav,0.04577614367008209
audio/speaker_segments/Ses01F_impro01_M012.wav,audio/speaker_segments/Ses01F_impro01_F014.wav,-0.0073934439569711685
audio/speaker_segments/Ses01F_impro01_M012.wav,audio/speaker_segments/Ses01F_impro01_F015.wav,0.15163633227348328
audio/speaker_segments/Ses01F_impro01_M012.wav,audio/speaker_segments/Ses01F_impro01_F001.wav,0.023640645667910576
audio/speaker_segments/Ses01F_impro01_M012.wav,audio/speaker_segments/Ses01F_impro01_M008.wav,0.20140449702739716
audio/speaker_segments/Ses01F_impro01_M012.wav,audio/speaker_segments/Ses01F_impro01_F003.wav,0.05805381387472153
audio/speaker_segments/Ses01F_impro01_M012.wav,audio/speaker_segments/Ses01F_impro01_F002.wav,0.0269748717546463
audio/speaker_segments/Ses01F_impro01_M012.wav,audio/speaker_segments/Ses01F_impro01_F012.wav,0.0014297636225819588
audio/speaker_segments/Ses01F_impro01_M012.wav,audio/speaker_segments/Ses01F_impro01_F006.wav,-0.02307802252471447
audio/speaker_segments/Ses01F_impro01_M012.wav,audio/speaker_segments/Ses01F_impro01_F007.wav,0.09993874281644821
audio/speaker_segments/Ses01F_impro01_M012.wav,audio/speaker_segments/Ses01F_impro01_F013.wav,0.08597104251384735
audio/speaker_segments/Ses01F_impro01_M012.wav,audio/speaker_segments/Ses01F_impro01_F005.wav,0.02892899699509144
audio/speaker_segments/Ses01F_impro01_M012.wav,audio/speaker_segments/Ses01F_impro01_F011.wav,0.076285719871521
audio/speaker_segments/Ses01F_impro01_M012.wav,audio/speaker_segments/Ses01F_impro01_F010.wav,0.05775805562734604
audio/speaker_segments/Ses01F_impro01_M012.wav,audio/speaker_segments/Ses01F_impro01_F004.wav,0.07681787759065628
audio/speaker_segments/Ses01F_impro01_M006.wav,audio/speaker_segments/Ses01F_impro01_F009.wav,0.1061236709356308
audio/speaker_segments/Ses01F_impro01_M006.wav,audio/speaker_segments/Ses01F_impro01_F008.wav,0.16484352946281433
audio/speaker_segments/Ses01F_impro01_M006.wav,audio/speaker_segments/Ses01F_impro01_M001.wav,0.20821048319339752
audio/speaker_segments/Ses01F_impro01_M006.wav,audio/speaker_segments/Ses01F_impro01_M003.wav,0.7953466176986694
audio/speaker_segments/Ses01F_impro01_M006.wav,audio/speaker_segments/Ses01F_impro01_M002.wav,0.6119799613952637
audio/speaker_segments/Ses01F_impro01_M006.wav,audio/speaker_segments/Ses01F_impro01_M012.wav,0.28399187326431274
audio/speaker_segments/Ses01F_impro01_M006.wav,audio/speaker_segments/Ses01F_impro01_M006.wav,1.0
audio/speaker_segments/Ses01F_impro01_M006.wav,audio/speaker_segments/Ses01F_impro01_M007.wav,0.7687248587608337
audio/speaker_segments/Ses01F_impro01_M006.wav,audio/speaker_segments/Ses01F_impro01_M013.wav,0.4565340280532837
audio/speaker_segments/Ses01F_impro01_M006.wav,audio/speaker_segments/Ses01F_impro01_M005.wav,0.7691726684570312
audio/speaker_segments/Ses01F_impro01_M006.wav,audio/speaker_segments/Ses01F_impro01_M011.wav,0.7139983177185059
audio/speaker_segments/Ses01F_impro01_M006.wav,audio/speaker_segments/Ses01F_impro01_M010.wav,0.7731052041053772
audio/speaker_segments/Ses01F_impro01_M006.wav,audio/speaker_segments/Ses01F_impro01_M004.wav,0.6515429019927979
audio/speaker_segments/Ses01F_impro01_M006.wav,audio/speaker_segments/Ses01F_impro01_M009.wav,0.6635341048240662
audio/speaker_segments/Ses01F_impro01_M006.wav,audio/speaker_segments/Ses01F_impro01_F000.wav,0.025298932567238808
audio/speaker_segments/Ses01F_impro01_M006.wav,audio/speaker_segments/Ses01F_impro01_F014.wav,0.25841158628463745
audio/speaker_segments/Ses01F_impro01_M006.wav,audio/speaker_segments/Ses01F_impro01_F015.wav,0.1670963019132614
audio/speaker_segments/Ses01F_impro01_M006.wav,audio/speaker_segments/Ses01F_impro01_F001.wav,-0.01789233833551407
audio/speaker_segments/Ses01F_impro01_M006.wav,audio/speaker_segments/Ses01F_impro01_M008.wav,0.7397044897079468
audio/speaker_segments/Ses01F_impro01_M006.wav,audio/speaker_segments/Ses01F_impro01_F003.wav,0.030961252748966217
audio/speaker_segments/Ses01F_impro01_M006.wav,audio/speaker_segments/Ses01F_impro01_F002.wav,0.12721094489097595
audio/speaker_segments/Ses01F_impro01_M006.wav,audio/speaker_segments/Ses01F_impro01_F012.wav,0.23435761034488678
audio/speaker_segments/Ses01F_impro01_M006.wav,audio/speaker_segments/Ses01F_impro01_F006.wav,0.05295213311910629
audio/speaker_segments/Ses01F_impro01_M006.wav,audio/speaker_segments/Ses01F_impro01_F007.wav,0.24744465947151184
audio/speaker_segments/Ses01F_impro01_M006.wav,audio/speaker_segments/Ses01F_impro01_F013.wav,0.11555878818035126
audio/speaker_segments/Ses01F_impro01_M006.wav,audio/speaker_segments/Ses01F_impro01_F005.wav,0.09593450278043747
audio/speaker_segments/Ses01F_impro01_M006.wav,audio/speaker_segments/Ses01F_impro01_F011.wav,0.1478593796491623
audio/speaker_segments/Ses01F_impro01_M006.wav,audio/speaker_segments/Ses01F_impro01_F010.wav,0.27462106943130493
audio/speaker_segments/Ses01F_impro01_M006.wav,audio/speaker_segments/Ses01F_impro01_F004.wav,0.19673457741737366
audio/speaker_segments/Ses01F_impro01_M007.wav,audio/speaker_segments/Ses01F_impro01_F009.wav,0.002967327833175659
audio/speaker_segments/Ses01F_impro01_M007.wav,audio/speaker_segments/Ses01F_impro01_F008.wav,0.11791949719190598
audio/speaker_segments/Ses01F_impro01_M007.wav,audio/speaker_segments/Ses01F_impro01_M001.wav,0.1929096281528473
audio/speaker_segments/Ses01F_impro01_M007.wav,audio/speaker_segments/Ses01F_impro01_M003.wav,0.7830696702003479
audio/speaker_segments/Ses01F_impro01_M007.wav,audio/speaker_segments/Ses01F_impro01_M002.wav,0.5658461451530457
audio/speaker_segments/Ses01F_impro01_M007.wav,audio/speaker_segments/Ses01F_impro01_M012.wav,0.3597552478313446
audio/speaker_segments/Ses01F_impro01_M007.wav,audio/speaker_segments/Ses01F_impro01_M006.wav,0.7687248587608337
audio/speaker_segments/Ses01F_impro01_M007.wav,audio/speaker_segments/Ses01F_impro01_M007.wav,1.0000001192092896
audio/speaker_segments/Ses01F_impro01_M007.wav,audio/speaker_segments/Ses01F_impro01_M013.wav,0.5004291534423828
audio/speaker_segments/Ses01F_impro01_M007.wav,audio/speaker_segments/Ses01F_impro01_M005.wav,0.8198233246803284
audio/speaker_segments/Ses01F_impro01_M007.wav,audio/speaker_segments/Ses01F_impro01_M011.wav,0.7972961664199829
audio/speaker_segments/Ses01F_impro01_M007.wav,audio/speaker_segments/Ses01F_impro01_M010.wav,0.7466875314712524
audio/speaker_segments/Ses01F_impro01_M007.wav,audio/speaker_segments/Ses01F_impro01_M004.wav,0.662971556186676
audio/speaker_segments/Ses01F_impro01_M007.wav,audio/speaker_segments/Ses01F_impro01_M009.wav,0.791038990020752
audio/speaker_segments/Ses01F_impro01_M007.wav,audio/speaker_segments/Ses01F_impro01_F000.wav,-0.025065338239073753
audio/speaker_segments/Ses01F_impro01_M007.wav,audio/speaker_segments/Ses01F_impro01_F014.wav,0.12506602704524994
audio/speaker_segments/Ses01F_impro01_M007.wav,audio/speaker_segments/Ses01F_impro01_F015.wav,0.1310984343290329
audio/speaker_segments/Ses01F_impro01_M007.wav,audio/speaker_segments/Ses01F_impro01_F001.wav,0.0013170205056667328
audio/speaker_segments/Ses01F_impro01_M007.wav,audio/speaker_segments/Ses01F_impro01_M008.wav,0.6658011674880981
audio/speaker_segments/Ses01F_impro01_M007.wav,audio/speaker_segments/Ses01F_impro01_F003.wav,-0.018934259191155434
audio/speaker_segments/Ses01F_impro01_M007.wav,audio/speaker_segments/Ses01F_impro01_F002.wav,0.018818752840161324
audio/speaker_segments/Ses01F_impro01_M007.wav,audio/speaker_segments/Ses01F_impro01_F012.wav,0.15916505455970764
audio/speaker_segments/Ses01F_impro01_M007.wav,audio/speaker_segments/Ses01F_impro01_F006.wav,-0.018463952466845512
audio/speaker_segments/Ses01F_impro01_M007.wav,audio/speaker_segments/Ses01F_impro01_F007.wav,0.13744236528873444
audio/speaker_segments/Ses01F_impro01_M007.wav,audio/speaker_segments/Ses01F_impro01_F013.wav,0.09791930019855499
audio/speaker_segments/Ses01F_impro01_M007.wav,audio/speaker_segments/Ses01F_impro01_F005.wav,0.08720256388187408
audio/speaker_segments/Ses01F_impro01_M007.wav,audio/speaker_segments/Ses01F_impro01_F011.wav,0.06503317505121231
audio/speaker_segments/Ses01F_impro01_M007.wav,audio/speaker_segments/Ses01F_impro01_F010.wav,0.13534358143806458
audio/speaker_segments/Ses01F_impro01_M007.wav,audio/speaker_segments/Ses01F_impro01_F004.wav,0.10274657607078552
audio/speaker_segments/Ses01F_impro01_M013.wav,audio/speaker_segments/Ses01F_impro01_F009.wav,-0.0063111307099461555
audio/speaker_segments/Ses01F_impro01_M013.wav,audio/speaker_segments/Ses01F_impro01_F008.wav,0.06521124392747879
audio/speaker_segments/Ses01F_impro01_M013.wav,audio/speaker_segments/Ses01F_impro01_M001.wav,0.08162647485733032
audio/speaker_segments/Ses01F_impro01_M013.wav,audio/speaker_segments/Ses01F_impro01_M003.wav,0.4495675265789032
audio/speaker_segments/Ses01F_impro01_M013.wav,audio/speaker_segments/Ses01F_impro01_M002.wav,0.4661937654018402
audio/speaker_segments/Ses01F_impro01_M013.wav,audio/speaker_segments/Ses01F_impro01_M012.wav,0.16020120680332184
audio/speaker_segments/Ses01F_impro01_M013.wav,audio/speaker_segments/Ses01F_impro01_M006.wav,0.4565340280532837
audio/speaker_segments/Ses01F_impro01_M013.wav,audio/speaker_segments/Ses01F_impro01_M007.wav,0.5004291534423828
audio/speaker_segments/Ses01F_impro01_M013.wav,audio/speaker_segments/Ses01F_impro01_M013.wav,1.0
audio/speaker_segments/Ses01F_impro01_M013.wav,audio/speaker_segments/Ses01F_impro01_M005.wav,0.5615768432617188
audio/speaker_segments/Ses01F_impro01_M013.wav,audio/speaker_segments/Ses01F_impro01_M011.wav,0.457336962223053
audio/speaker_segments/Ses01F_impro01_M013.wav,audio/speaker_segments/Ses01F_impro01_M010.wav,0.5108204483985901
audio/speaker_segments/Ses01F_impro01_M013.wav,audio/speaker_segments/Ses01F_impro01_M004.wav,0.44434231519699097
audio/speaker_segments/Ses01F_impro01_M013.wav,audio/speaker_segments/Ses01F_impro01_M009.wav,0.5253560543060303
audio/speaker_segments/Ses01F_impro01_M013.wav,audio/speaker_segments/Ses01F_impro01_F000.wav,0.042993299663066864
audio/speaker_segments/Ses01F_impro01_M013.wav,audio/speaker_segments/Ses01F_impro01_F014.wav,0.08873368799686432
audio/speaker_segments/Ses01F_impro01_M013.wav,audio/speaker_segments/Ses01F_impro01_F015.wav,0.04928657412528992
audio/speaker_segments/Ses01F_impro01_M013.wav,audio/speaker_segments/Ses01F_impro01_F001.wav,0.09203968942165375
audio/speaker_segments/Ses01F_impro01_M013.wav,audio/speaker_segments/Ses01F_impro01_M008.wav,0.5016603469848633
audio/speaker_segments/Ses01F_impro01_M013.wav,audio/speaker_segments/Ses01F_impro01_F003.wav,-0.025195391848683357
audio/speaker_segments/Ses01F_impro01_M013.wav,audio/speaker_segments/Ses01F_impro01_F002.wav,-0.0022154031321406364
audio/speaker_segments/Ses01F_impro01_M013.wav,audio/speaker_segments/Ses01F_impro01_F012.wav,0.1379149854183197
audio/speaker_segments/Ses01F_impro01_M013.wav,audio/speaker_segments/Ses01F_impro01_F006.wav,-0.011763111688196659
audio/speaker_segments/Ses01F_impro01_M013.wav,audio/speaker_segments/Ses01F_impro01_F007.wav,0.04879912734031677
audio/speaker_segments/Ses01F_impro01_M013.wav,audio/speaker_segments/Ses01F_impro01_F013.wav,0.06662333011627197
audio/speaker_segments/Ses01F_impro01_M013.wav,audio/speaker_segments/Ses01F_impro01_F005.wav,0.06758174300193787
audio/speaker_segments/Ses01F_impro01_M013.wav,audio/speaker_segments/Ses01F_impro01_F011.wav,-0.02065080963075161
audio/speaker_segments/Ses01F_impro01_M013.wav,audio/speaker_segments/Ses01F_impro01_F010.wav,0.0802617073059082
audio/speaker_segments/Ses01F_impro01_M013.wav,audio/speaker_segments/Ses01F_impro01_F004.wav,0.03684550151228905
audio/speaker_segments/Ses01F_impro01_M005.wav,audio/speaker_segments/Ses01F_impro01_F009.wav,-0.008618094027042389
audio/speaker_segments/Ses01F_impro01_M005.wav,audio/speaker_segments/Ses01F_impro01_F008.wav,0.11798557639122009
audio/speaker_segments/Ses01F_impro01_M005.wav,audio/speaker_segments/Ses01F_impro01_M001.wav,0.16562522947788239
audio/speaker_segments/Ses01F_impro01_M005.wav,audio/speaker_segments/Ses01F_impro01_M003.wav,0.7457704544067383
audio/speaker_segments/Ses01F_impro01_M005.wav,audio/speaker_segments/Ses01F_impro01_M002.wav,0.6126948595046997
audio/speaker_segments/Ses01F_impro01_M005.wav,audio/speaker_segments/Ses01F_impro01_M012.wav,0.24221882224082947
audio/speaker_segments/Ses01F_impro01_M005.wav,audio/speaker_segments/Ses01F_impro01_M006.wav,0.7691726684570312
audio/speaker_segments/Ses01F_impro01_M005.wav,audio/speaker_segments/Ses01F_impro01_M007.wav,0.8198233246803284
audio/speaker_segments/Ses01F_impro01_M005.wav,audio/speaker_segments/Ses01F_impro01_M013.wav,0.5615768432617188
audio/speaker_segments/Ses01F_impro01_M005.wav,audio/speaker_segments/Ses01F_impro01_M005.wav,1.0
audio/speaker_segments/Ses01F_impro01_M005.wav,audio/speaker_segments/Ses01F_impro01_M011.wav,0.801603376865387
audio/speaker_segments/Ses01F_impro01_M005.wav,audio/speaker_segments/Ses01F_impro01_M010.wav,0.7866970896720886
audio/speaker_segments/Ses01F_impro01_M005.wav,audio/speaker_segments/Ses01F_impro01_M004.wav,0.7184584140777588
audio/speaker_segments/Ses01F_impro01_M005.wav,audio/speaker_segments/Ses01F_impro01_M009.wav,0.7479451894760132
audio/speaker_segments/Ses01F_impro01_M005.wav,audio/speaker_segments/Ses01F_impro01_F000.wav,0.004732193425297737
audio/speaker_segments/Ses01F_impro01_M005.wav,audio/speaker_segments/Ses01F_impro01_F014.wav,0.08511084318161011
audio/speaker_segments/Ses01F_impro01_M005.wav,audio/speaker_segments/Ses01F_impro01_F015.wav,0.09489962458610535
audio/speaker_segments/Ses01F_impro01_M005.wav,audio/speaker_segments/Ses01F_impro01_F001.wav,-0.003523781895637512
audio/speaker_segments/Ses01F_impro01_M005.wav,audio/speaker_segments/Ses01F_impro01_M008.wav,0.6643158793449402
audio/speaker_segments/Ses01F_impro01_M005.wav,audio/speaker_segments/Ses01F_impro01_F003.wav,-0.043205633759498596
audio/speaker_segments/Ses01F_impro01_M005.wav,audio/speaker_segments/Ses01F_impro01_F002.wav,0.06184616684913635
audio/speaker_segments/Ses01F_impro01_M005.wav,audio/speaker_segments/Ses01F_impro01_F012.wav,0.11004570126533508
audio/speaker_segments/Ses01F_impro01_M005.wav,audio/speaker_segments/Ses01F_impro01_F006.wav,-0.030474144965410233
audio/speaker_segments/Ses01F_impro01_M005.wav,audio/speaker_segments/Ses01F_impro01_F007.wav,0.09170101583003998
audio/speaker_segments/Ses01F_impro01_M005.wav,audio/speaker_segments/Ses01F_impro01_F013.wav,0.02947627380490303
audio/speaker_segments/Ses01F_impro01_M005.wav,audio/speaker_segments/Ses01F_impro01_F005.wav,0.07250628620386124
audio/speaker_segments/Ses01F_impro01_M005.wav,audio/speaker_segments/Ses01F_impro01_F011.wav,0.028217775747179985
audio/speaker_segments/Ses01F_impro01_M005.wav,audio/speaker_segments/Ses01F_impro01_F010.wav,0.1457982063293457
audio/speaker_segments/Ses01F_impro01_M005.wav,audio/speaker_segments/Ses01F_impro01_F004.wav,0.07599106431007385
audio/speaker_segments/Ses01F_impro01_M011.wav,audio/speaker_segments/Ses01F_impro01_F009.wav,-0.009502466768026352
audio/speaker_segments/Ses01F_impro01_M011.wav,audio/speaker_segments/Ses01F_impro01_F008.wav,0.07327814400196075
audio/speaker_segments/Ses01F_impro01_M011.wav,audio/speaker_segments/Ses01F_impro01_M001.wav,0.19838595390319824
audio/speaker_segments/Ses01F_impro01_M011.wav,audio/speaker_segments/Ses01F_impro01_M003.wav,0.7640122175216675
audio/speaker_segments/Ses01F_impro01_M011.wav,audio/speaker_segments/Ses01F_impro01_M002.wav,0.5962674021720886
audio/speaker_segments/Ses01F_impro01_M011.wav,audio/speaker_segments/Ses01F_impro01_M012.wav,0.33711785078048706
audio/speaker_segments/Ses01F_impro01_M011.wav,audio/speaker_segments/Ses01F_impro01_M006.wav,0.7139983177185059
audio/speaker_segments/Ses01F_impro01_M011.wav,audio/speaker_segments/Ses01F_impro01_M007.wav,0.7972961664199829
audio/speaker_segments/Ses01F_impro01_M011.wav,audio/speaker_segments/Ses01F_impro01_M013.wav,0.457336962223053
audio/speaker_segments/Ses01F_impro01_M011.wav,audio/speaker_segments/Ses01F_impro01_M005.wav,0.801603376865387
audio/speaker_segments/Ses01F_impro01_M011.wav,audio/speaker_segments/Ses01F_impro01_M011.wav,1.0
audio/speaker_segments/Ses01F_impro01_M011.wav,audio/speaker_segments/Ses01F_impro01_M010.wav,0.7379623055458069
audio/speaker_segments/Ses01F_impro01_M011.wav,audio/speaker_segments/Ses01F_impro01_M004.wav,0.6519981622695923
audio/speaker_segments/Ses01F_impro01_M011.wav,audio/speaker_segments/Ses01F_impro01_M009.wav,0.806371808052063
audio/speaker_segments/Ses01F_impro01_M011.wav,audio/speaker_segments/Ses01F_impro01_F000.wav,0.0006906492635607719
audio/speaker_segments/Ses01F_impro01_M011.wav,audio/speaker_segments/Ses01F_impro01_F014.wav,0.11589853465557098
audio/speaker_segments/Ses01F_impro01_M011.wav,audio/speaker_segments/Ses01F_impro01_F015.wav,0.14296600222587585
audio/speaker_segments/Ses01F_impro01_M011.wav,audio/speaker_segments/Ses01F_impro01_F001.wav,0.00410406943410635
audio/speaker_segments/Ses01F_impro01_M011.wav,audio/speaker_segments/Ses01F_impro01_M008.wav,0.6836531162261963
audio/speaker_segments/Ses01F_impro01_M011.wav,audio/speaker_segments/Ses01F_impro01_F003.wav,-0.0289481021463871
audio/speaker_segments/Ses01F_impro01_M011.wav,audio/speaker_segments/Ses01F_impro01_F002.wav,0.045956842601299286
audio/speaker_segments/Ses01F_impro01_M011.wav,audio/speaker_segments/Ses01F_impro01_F012.wav,0.1371733695268631
audio/speaker_segments/Ses01F_impro01_M011.wav,audio/speaker_segments/Ses01F_impro01_F006.wav,-0.03383267670869827
audio/speaker_segments/Ses01F_impro01_M011.wav,audio/speaker_segments/Ses01F_impro01_F007.wav,0.09255248308181763
audio/speaker_segments/Ses01F_impro01_M011.wav,audio/speaker_segments/Ses01F_impro01_F013.wav,0.07305783033370972
audio/speaker_segments/Ses01F_impro01_M011.wav,audio/speaker_segments/Ses01F_impro01_F005.wav,0.056077003479003906
audio/speaker_segments/Ses01F_impro01_M011.wav,audio/speaker_segments/Ses01F_impro01_F011.wav,0.04784257337450981
audio/speaker_segments/Ses01F_impro01_M011.wav,audio/speaker_segments/Ses01F_impro01_F010.wav,0.15069012343883514
audio/speaker_segments/Ses01F_impro01_M011.wav,audio/speaker_segments/Ses01F_impro01_F004.wav,0.076399065554142
audio/speaker_segments/Ses01F_impro01_M010.wav,audio/speaker_segments/Ses01F_impro01_F009.wav,-0.012106874957680702
audio/speaker_segments/Ses01F_impro01_M010.wav,audio/speaker_segments/Ses01F_impro01_F008.wav,0.12494086474180222
audio/speaker_segments/Ses01F_impro01_M010.wav,audio/speaker_segments/Ses01F_impro01_M001.wav,0.10882429778575897
audio/speaker_segments/Ses01F_impro01_M010.wav,audio/speaker_segments/Ses01F_impro01_M003.wav,0.7415550947189331
audio/speaker_segments/Ses01F_impro01_M010.wav,audio/speaker_segments/Ses01F_impro01_M002.wav,0.5467311143875122
audio/speaker_segments/Ses01F_impro01_M010.wav,audio/speaker_segments/Ses01F_impro01_M012.wav,0.20422163605690002
audio/speaker_segments/Ses01F_impro01_M010.wav,audio/speaker_segments/Ses01F_impro01_M006.wav,0.7731052041053772
audio/speaker_segments/Ses01F_impro01_M010.wav,audio/speaker_segments/Ses01F_impro01_M007.wav,0.7466875314712524
audio/speaker_segments/Ses01F_impro01_M010.wav,audio/speaker_segments/Ses01F_impro01_M013.wav,0.5108204483985901
audio/speaker_segments/Ses01F_impro01_M010.wav,audio/speaker_segments/Ses01F_impro01_M005.wav,0.7866970896720886
audio/speaker_segments/Ses01F_impro01_M010.wav,audio/speaker_segments/Ses01F_impro01_M011.wav,0.7379623055458069
audio/speaker_segments/Ses01F_impro01_M010.wav,audio/speaker_segments/Ses01F_impro01_M010.wav,1.0000001192092896
audio/speaker_segments/Ses01F_impro01_M010.wav,audio/speaker_segments/Ses01F_impro01_M004.wav,0.6341663599014282
audio/speaker_segments/Ses01F_impro01_M010.wav,audio/speaker_segments/Ses01F_impro01_M009.wav,0.6493174433708191
audio/speaker_segments/Ses01F_impro01_M010.wav,audio/speaker_segments/Ses01F_impro01_F000.wav,0.01100707333534956
audio/speaker_segments/Ses01F_impro01_M010.wav,audio/speaker_segments/Ses01F_impro01_F014.wav,0.13913977146148682
audio/speaker_segments/Ses01F_impro01_M010.wav,audio/speaker_segments/Ses01F_impro01_F015.wav,0.10026902705430984
audio/speaker_segments/Ses01F_impro01_M010.wav,audio/speaker_segments/Ses01F_impro01_F001.wav,0.040769122540950775
audio/speaker_segments/Ses01F_impro01_M010.wav,audio/speaker_segments/Ses01F_impro01_M008.wav,0.7403004765510559
audio/speaker_segments/Ses01F_impro01_M010.wav,audio/speaker_segments/Ses01F_impro01_F003.wav,-0.031975775957107544
audio/speaker_segments/Ses01F_impro01_M010.wav,audio/speaker_segments/Ses01F_impro01_F002.wav,0.0411156490445137
audio/speaker_segments/Ses01F_impro01_M010.wav,audio/speaker_segments/Ses01F_impro01_F012.wav,0.177467942237854
audio/speaker_segments/Ses01F_impro01_M010.wav,audio/speaker_segments/Ses01F_impro01_F006.wav,-0.03091602399945259
audio/speaker_segments/Ses01F_impro01_M010.wav,audio/speaker_segments/Ses01F_impro01_F007.wav,0.1350748986005783
audio/speaker_segments/Ses01F_impro01_M010.wav,audio/speaker_segments/Ses01F_impro01_F013.wav,0.043442316353321075
audio/speaker_segments/Ses01F_impro01_M010.wav,audio/speaker_segments/Ses01F_impro01_F005.wav,0.06556107103824615
audio/speaker_segments/Ses01F_impro01_M010.wav,audio/speaker_segments/Ses01F_impro01_F011.wav,0.07456859201192856
audio/speaker_segments/Ses01F_impro01_M010.wav,audio/speaker_segments/Ses01F_impro01_F010.wav,0.19417287409305573
audio/speaker_segments/Ses01F_impro01_M010.wav,audio/speaker_segments/Ses01F_impro01_F004.wav,0.1091432273387909
audio/speaker_segments/Ses01F_impro01_M004.wav,audio/speaker_segments/Ses01F_impro01_F009.wav,0.06448569893836975
audio/speaker_segments/Ses01F_impro01_M004.wav,audio/speaker_segments/Ses01F_impro01_F008.wav,0.13977397978305817
audio/speaker_segments/Ses01F_impro01_M004.wav,audio/speaker_segments/Ses01F_impro01_M001.wav,0.24461868405342102
audio/speaker_segments/Ses01F_impro01_M004.wav,audio/speaker_segments/Ses01F_impro01_M003.wav,0.5857716798782349
audio/speaker_segments/Ses01F_impro01_M004.wav,audio/speaker_segments/Ses01F_impro01_M002.wav,0.5772219300270081
audio/speaker_segments/Ses01F_impro01_M004.wav,audio/speaker_segments/Ses01F_impro01_M012.wav,0.22395546734333038
audio/speaker_segments/Ses01F_impro01_M004.wav,audio/speaker_segments/Ses01F_impro01_M006.wav,0.6515429019927979
audio/speaker_segments/Ses01F_impro01_M004.wav,audio/speaker_segments/Ses01F_impro01_M007.wav,0.662971556186676
audio/speaker_segments/Ses01F_impro01_M004.wav,audio/speaker_segments/Ses01F_impro01_M013.wav,0.44434231519699097
audio/speaker_segments/Ses01F_impro01_M004.wav,audio/speaker_segments/Ses01F_impro01_M005.wav,0.7184584140777588
audio/speaker_segments/Ses01F_impro01_M004.wav,audio/speaker_segments/Ses01F_impro01_M011.wav,0.6519981622695923
audio/speaker_segments/Ses01F_impro01_M004.wav,audio/speaker_segments/Ses01F_impro01_M010.wav,0.6341663599014282
audio/speaker_segments/Ses01F_impro01_M004.wav,audio/speaker_segments/Ses01F_impro01_M004.wav,1.0000001192092896
audio/speaker_segments/Ses01F_impro01_M004.wav,audio/speaker_segments/Ses01F_impro01_M009.wav,0.65784752368927
audio/speaker_segments/Ses01F_impro01_M004.wav,audio/speaker_segments/Ses01F_impro01_F000.wav,-0.014476977288722992
audio/speaker_segments/Ses01F_impro01_M004.wav,audio/speaker_segments/Ses01F_impro01_F014.wav,0.10505951195955276
audio/speaker_segments/Ses01F_impro01_M004.wav,audio/speaker_segments/Ses01F_impro01_F015.wav,0.11165977269411087
audio/speaker_segments/Ses01F_impro01_M004.wav,audio/speaker_segments/Ses01F_impro01_F001.wav,0.00681267399340868
audio/speaker_segments/Ses01F_impro01_M004.wav,audio/speaker_segments/Ses01F_impro01_M008.wav,0.5560708045959473
audio/speaker_segments/Ses01F_impro01_M004.wav,audio/speaker_segments/Ses01F_impro01_F003.wav,0.005776166915893555
audio/speaker_segments/Ses01F_impro01_M004.wav,audio/speaker_segments/Ses01F_impro01_F002.wav,0.08436627686023712
audio/speaker_segments/Ses01F_impro01_M004.wav,audio/speaker_segments/Ses01F_impro01_F012.wav,0.11395488679409027
audio/speaker_segments/Ses01F_impro01_M004.wav,audio/speaker_segments/Ses01F_impro01_F006.wav,0.006560968235135078
audio/speaker_segments/Ses01F_impro01_M004.wav,audio/speaker_segments/Ses01F_impro01_F007.wav,0.11369384080171585
audio/speaker_segments/Ses01F_impro01_M004.wav,audio/speaker_segments/Ses01F_impro01_F013.wav,0.0714249387383461
audio/speaker_segments/Ses01F_impro01_M004.wav,audio/speaker_segments/Ses01F_impro01_F005.wav,0.12083949893712997
audio/speaker_segments/Ses01F_impro01_M004.wav,audio/speaker_segments/Ses01F_impro01_F011.wav,0.03939538449048996
audio/speaker_segments/Ses01F_impro01_M004.wav,audio/speaker_segments/Ses01F_impro01_F010.wav,0.15399833023548126
audio/speaker_segments/Ses01F_impro01_M004.wav,audio/speaker_segments/Ses01F_impro01_F004.wav,0.08005817979574203
audio/speaker_segments/Ses01F_impro01_M009.wav,audio/speaker_segments/Ses01F_impro01_F009.wav,0.04833080247044563
audio/speaker_segments/Ses01F_impro01_M009.wav,audio/speaker_segments/Ses01F_impro01_F008.wav,0.09363874793052673
audio/speaker_segments/Ses01F_impro01_M009.wav,audio/speaker_segments/Ses01F_impro01_M001.wav,0.2536574900150299
audio/speaker_segments/Ses01F_impro01_M009.wav,audio/speaker_segments/Ses01F_impro01_M003.wav,0.670708954334259
audio/speaker_segments/Ses01F_impro01_M009.wav,audio/speaker_segments/Ses01F_impro01_M002.wav,0.5370200276374817
audio/speaker_segments/Ses01F_impro01_M009.wav,audio/speaker_segments/Ses01F_impro01_M012.wav,0.31507012248039246
audio/speaker_segments/Ses01F_impro01_M009.wav,audio/speaker_segments/Ses01F_impro01_M006.wav,0.6635341048240662
audio/speaker_segments/Ses01F_impro01_M009.wav,audio/speaker_segments/Ses01F_impro01_M007.wav,0.791038990020752
audio/speaker_segments/Ses01F_impro01_M009.wav,audio/speaker_segments/Ses01F_impro01_M013.wav,0.5253560543060303
audio/speaker_segments/Ses01F_impro01_M009.wav,audio/speaker_segments/Ses01F_impro01_M005.wav,0.7479451894760132
audio/speaker_segments/Ses01F_impro01_M009.wav,audio/speaker_segments/Ses01F_impro01_M011.wav,0.806371808052063
audio/speaker_segments/Ses01F_impro01_M009.wav,audio/speaker_segments/Ses01F_impro01_M010.wav,0.6493174433708191
audio/speaker_segments/Ses01F_impro01_M009.wav,audio/speaker_segments/Ses01F_impro01_M004.wav,0.65784752368927
audio/speaker_segments/Ses01F_impro01_M009.wav,audio/speaker_segments/Ses01F_impro01_M009.wav,1.0000001192092896
audio/speaker_segments/Ses01F_impro01_M009.wav,audio/speaker_segments/Ses01F_impro01_F000.wav,-0.014340793713927269
audio/speaker_segments/Ses01F_impro01_M009.wav,audio/speaker_segments/Ses01F_impro01_F014.wav,0.13306401669979095
audio/speaker_segments/Ses01F_impro01_M009.wav,audio/speaker_segments/Ses01F_impro01_F015.wav,0.12709814310073853
audio/speaker_segments/Ses01F_impro01_M009.wav,audio/speaker_segments/Ses01F_impro01_F001.wav,0.02770831435918808
audio/speaker_segments/Ses01F_impro01_M009.wav,audio/speaker_segments/Ses01F_impro01_M008.wav,0.6424177289009094
audio/speaker_segments/Ses01F_impro01_M009.wav,audio/speaker_segments/Ses01F_impro01_F003.wav,0.01646275818347931
audio/speaker_segments/Ses01F_impro01_M009.wav,audio/speaker_segments/Ses01F_impro01_F002.wav,0.0924101322889328
audio/speaker_segments/Ses01F_impro01_M009.wav,audio/speaker_segments/Ses01F_impro01_F012.wav,0.17493383586406708
audio/speaker_segments/Ses01F_impro01_M009.wav,audio/speaker_segments/Ses01F_impro01_F006.wav,-0.011090999469161034
audio/speaker_segments/Ses01F_impro01_M009.wav,audio/speaker_segments/Ses01F_impro01_F007.wav,0.09294033795595169
audio/speaker_segments/Ses01F_impro01_M009.wav,audio/speaker_segments/Ses01F_impro01_F013.wav,0.0583660751581192
audio/speaker_segments/Ses01F_impro01_M009.wav,audio/speaker_segments/Ses01F_impro01_F005.wav,0.11077554523944855
audio/speaker_segments/Ses01F_impro01_M009.wav,audio/speaker_segments/Ses01F_impro01_F011.wav,0.03888927027583122
audio/speaker_segments/Ses01F_impro01_M009.wav,audio/speaker_segments/Ses01F_impro01_F010.wav,0.16164687275886536
audio/speaker_segments/Ses01F_impro01_M009.wav,audio/speaker_segments/Ses01F_impro01_F004.wav,0.07212893664836884
audio/speaker_segments/Ses01F_impro01_F000.wav,audio/speaker_segments/Ses01F_impro01_F009.wav,0.19585810601711273
audio/speaker_segments/Ses01F_impro01_F000.wav,audio/speaker_segments/Ses01F_impro01_F008.wav,0.16969741880893707
audio/speaker_segments/Ses01F_impro01_F000.wav,audio/speaker_segments/Ses01F_impro01_M001.wav,-0.039323046803474426
audio/speaker_segments/Ses01F_impro01_F000.wav,audio/speaker_segments/Ses01F_impro01_M003.wav,-0.010238483548164368
audio/speaker_segments/Ses01F_impro01_F000.wav,audio/speaker_segments/Ses01F_impro01_M002.wav,0.004257334396243095
audio/speaker_segments/Ses01F_impro01_F000.wav,audio/speaker_segments/Ses01F_impro01_M012.wav,0.04577614367008209
audio/speaker_segments/Ses01F_impro01_F000.wav,audio/speaker_segments/Ses01F_impro01_M006.wav,0.025298932567238808
audio/speaker_segments/Ses01F_impro01_F000.wav,audio/speaker_segments/Ses01F_impro01_M007.wav,-0.025065338239073753
audio/speaker_segments/Ses01F_impro01_F000.wav,audio/speaker_segments/Ses01F_impro01_M013.wav,0.042993299663066864
audio/speaker_segments/Ses01F_impro01_F000.wav,audio/speaker_segments/Ses01F_impro01_M005.wav,0.004732193425297737
audio/speaker_segments/Ses01F_impro01_F000.wav,audio/speaker_segments/Ses01F_impro01_M011.wav,0.0006906492635607719
audio/speaker_segments/Ses01F_impro01_F000.wav,audio/speaker_segments/Ses01F_impro01_M010.wav,0.01100707333534956
audio/speaker_segments/Ses01F_impro01_F000.wav,audio/speaker_segments/Ses01F_impro01_M004.wav,-0.014476977288722992
audio/speaker_segments/Ses01F_impro01_F000.wav,audio/speaker_segments/Ses01F_impro01_M009.wav,-0.014340793713927269
audio/speaker_segments/Ses01F_impro01_F000.wav,audio/speaker_segments/Ses01F_impro01_F000.wav,1.0
audio/speaker_segments/Ses01F_impro01_F000.wav,audio/speaker_segments/Ses01F_impro01_F014.wav,0.35508325695991516
audio/speaker_segments/Ses01F_impro01_F000.wav,audio/speaker_segments/Ses01F_impro01_F015.wav,-0.00245010107755661
audio/speaker_segments/Ses01F_impro01_F000.wav,audio/speaker_segments/Ses01F_impro01_F001.wav,0.2859728932380676
audio/speaker_segments/Ses01F_impro01_F000.wav,audio/speaker_segments/Ses01F_impro01_M008.wav,-0.020548205822706223
audio/speaker_segments/Ses01F_impro01_F000.wav,audio/speaker_segments/Ses01F_impro01_F003.wav,0.18669404089450836
audio/speaker_segments/Ses01F_impro01_F000.wav,audio/speaker_segments/Ses01F_impro01_F002.wav,0.11830385029315948
audio/speaker_segments/Ses01F_impro01_F000.wav,audio/speaker_segments/Ses01F_impro01_F012.wav,0.12384651601314545
audio/speaker_segments/Ses01F_impro01_F000.wav,audio/speaker_segments/Ses01F_impro01_F006.wav,0.3474433124065399
audio/speaker_segments/Ses01F_impro01_F000.wav,audio/speaker_segments/Ses01F_impro01_F007.wav,0.2693537473678589
audio/speaker_segments/Ses01F_impro01_F000.wav,audio/speaker_segments/Ses01F_impro01_F013.wav,0.14724667370319366
audio/speaker_segments/Ses01F_impro01_F000.wav,audio/speaker_segments/Ses01F_impro01_F005.wav,0.11704909801483154
audio/speaker_segments/Ses01F_impro01_F000.wav,audio/speaker_segments/Ses01F_impro01_F011.wav,0.26248905062675476
audio/speaker_segments/Ses01F_impro01_F000.wav,audio/speaker_segments/Ses01F_impro01_F010.wav,-0.01906818524003029
audio/speaker_segments/Ses01F_impro01_F000.wav,audio/speaker_segments/Ses01F_impro01_F004.wav,0.2701703906059265
audio/speaker_segments/Ses01F_impro01_F014.wav,audio/speaker_segments/Ses01F_impro01_F009.wav,0.5130708813667297
audio/speaker_segments/Ses01F_impro01_F014.wav,audio/speaker_segments/Ses01F_impro01_F008.wav,0.3601754605770111
audio/speaker_segments/Ses01F_impro01_F014.wav,audio/speaker_segments/Ses01F_impro01_M001.wav,-0.010522149503231049
audio/speaker_segments/Ses01F_impro01_F014.wav,audio/speaker_segments/Ses01F_impro01_M003.wav,0.18008410930633545
audio/speaker_segments/Ses01F_impro01_F014.wav,audio/speaker_segments/Ses01F_impro01_M002.wav,0.005482422187924385
audio/speaker_segments/Ses01F_impro01_F014.wav,audio/speaker_segments/Ses01F_impro01_M012.wav,-0.0073934439569711685
audio/speaker_segments/Ses01F_impro01_F014.wav,audio/speaker_segments/Ses01F_impro01_M006.wav,0.25841158628463745
audio/speaker_segments/Ses01F_impro01_F014.wav,audio/speaker_segments/Ses01F_impro01_M007.wav,0.12506602704524994
audio/speaker_segments/Ses01F_impro01_F014.wav,audio/speaker_segments/Ses01F_impro01_M013.wav,0.08873368799686432
audio/speaker_segments/Ses01F_impro01_F014.wav,audio/speaker_segments/Ses01F_impro01_M005.wav,0.08511084318161011
audio/speaker_segments/Ses01F_impro01_F014.wav,audio/speaker_segments/Ses01F_impro01_M011.wav,0.11589853465557098
audio/speaker_segments/Ses01F_impro01_F014.wav,audio/speaker_segments/Ses01F_impro01_M010.wav,0.13913977146148682
audio/speaker_segments/Ses01F_impro01_F014.wav,audio/speaker_segments/Ses01F_impro01_M004.wav,0.10505951195955276
audio/speaker_segments/Ses01F_impro01_F014.wav,audio/speaker_segments/Ses01F_impro01_M009.wav,0.13306401669979095
audio/speaker_segments/Ses01F_impro01_F014.wav,audio/speaker_segments/Ses01F_impro01_F000.wav,0.35508325695991516
audio/speaker_segments/Ses01F_impro01_F014.wav,audio/speaker_segments/Ses01F_impro01_F014.wav,1.0
audio/speaker_segments/Ses01F_impro01_F014.wav,audio/speaker_segments/Ses01F_impro01_F015.wav,0.34630391001701355
audio/speaker_segments/Ses01F_impro01_F014.wav,audio/speaker_segments/Ses01F_impro01_F001.wav,0.2076357901096344
audio/speaker_segments/Ses01F_impro01_F014.wav,audio/speaker_segments/Ses01F_impro01_M008.wav,0.11373931169509888
audio/speaker_segments/Ses01F_impro01_F014.wav,audio/speaker_segments/Ses01F_impro01_F003.wav,0.3467169404029846
audio/speaker_segments/Ses01F_impro01_F014.wav,audio/speaker_segments/Ses01F_impro01_F002.wav,0.43652600049972534
audio/speaker_segments/Ses01F_impro01_F014.wav,audio/speaker_segments/Ses01F_impro01_F012.wav,0.4731382727622986
audio/speaker_segments/Ses01F_impro01_F014.wav,audio/speaker_segments/Ses01F_impro01_F006.wav,0.5178667306900024
audio/speaker_segments/Ses01F_impro01_F014.wav,audio/speaker_segments/Ses01F_impro01_F007.wav,0.5326671004295349
audio/speaker_segments/Ses01F_impro01_F014.wav,audio/speaker_segments/Ses01F_impro01_F013.wav,0.35344359278678894
audio/speaker_segments/Ses01F_impro01_F014.wav,audio/speaker_segments/Ses01F_impro01_F005.wav,0.2609097957611084
audio/speaker_segments/Ses01F_impro01_F014.wav,audio/speaker_segments/Ses01F_impro01_F011.wav,0.5294329524040222
audio/speaker_segments/Ses01F_impro01_F014.wav,audio/speaker_segments/Ses01F_impro01_F010.wav,0.31429922580718994
audio/speaker_segments/Ses01F_impro01_F014.wav,audio/speaker_segments/Ses01F_impro01_F004.wav,0.5248450636863708
audio/speaker_segments/Ses01F_impro01_F015.wav,audio/speaker_segments/Ses01F_impro01_F009.wav,0.41256213188171387
audio/speaker_segments/Ses01F_impro01_F015.wav,audio/speaker_segments/Ses01F_impro01_F008.wav,0.25163933634757996
audio/speaker_segments/Ses01F_impro01_F015.wav,audio/speaker_segments/Ses01F_impro01_M001.wav,-0.0003491528332233429
audio/speaker_segments/Ses01F_impro01_F015.wav,audio/speaker_segments/Ses01F_impro01_M003.wav,0.19866734743118286
audio/speaker_segments/Ses01F_impro01_F015.wav,audio/speaker_segments/Ses01F_impro01_M002.wav,0.14958304166793823
audio/speaker_segments/Ses01F_impro01_F015.wav,audio/speaker_segments/Ses01F_impro01_M012.wav,0.15163633227348328
audio/speaker_segments/Ses01F_impro01_F015.wav,audio/speaker_segments/Ses01F_impro01_M006.wav,0.1670963019132614
audio/speaker_segments/Ses01F_impro01_F015.wav,audio/speaker_segments/Ses01F_impro01_M007.wav,0.1310984343290329
audio/speaker_segments/Ses01F_impro01_F015.wav,audio/speaker_segments/Ses01F_impro01_M013.wav,0.04928657412528992
audio/speaker_segments/Ses01F_impro01_F015.wav,audio/speaker_segments/Ses01F_impro01_M005.wav,0.09489962458610535
audio/speaker_segments/Ses01F_impro01_F015.wav,audio/speaker_segments/Ses01F_impro01_M011.wav,0.14296600222587585
audio/speaker_segments/Ses01F_impro01_F015.wav,audio/speaker_segments/Ses01F_impro01_M010.wav,0.10026902705430984
audio/speaker_segments/Ses01F_impro01_F015.wav,audio/speaker_segments/Ses01F_impro01_M004.wav,0.11165977269411087
audio/speaker_segments/Ses01F_impro01_F015.wav,audio/speaker_segments/Ses01F_impro01_M009.wav,0.12709814310073853
audio/speaker_segments/Ses01F_impro01_F015.wav,audio/speaker_segments/Ses01F_impro01_F000.wav,-0.00245010107755661
audio/speaker_segments/Ses01F_impro01_F015.wav,audio/speaker_segments/Ses01F_impro01_F014.wav,0.34630391001701355
audio/speaker_segments/Ses01F_impro01_F015.wav,audio/speaker_segments/Ses01F_impro01_F015.wav,1.0000001192092896
audio/speaker_segments/Ses01F_impro01_F015.wav,audio/speaker_segments/Ses01F_impro01_F001.wav,0.2164582908153534
audio/speaker_segments/Ses01F_impro01_F015.wav,audio/speaker_segments/Ses01F_impro01_M008.wav,0.14348401129245758
audio/speaker_segments/Ses01F_impro01_F015.wav,audio/speaker_segments/Ses01F_impro01_F003.wav,0.3420940637588501
audio/speaker_segments/Ses01F_impro01_F015.wav,audio/speaker_segments/Ses01F_impro01_F002.wav,0.38784945011138916
audio/speaker_segments/Ses01F_impro01_F015.wav,audio/speaker_segments/Ses01F_impro01_F012.wav,0.3165026307106018
audio/speaker_segments/Ses01F_impro01_F015.wav,audio/speaker_segments/Ses01F_impro01_F006.wav,0.36272260546684265
audio/speaker_segments/Ses01F_impro01_F015.wav,audio/speaker_segments/Ses01F_impro01_F007.wav,0.3934420943260193
audio/speaker_segments/Ses01F_impro01_F015.wav,audio/speaker_segments/Ses01F_impro01_F013.wav,0.20097097754478455
audio/speaker_segments/Ses01F_impro01_F015.wav,audio/speaker_segments/Ses01F_impro01_F005.wav,0.27305400371551514
audio/speaker_segments/Ses01F_impro01_F015.wav,audio/speaker_segments/Ses01F_impro01_F011.wav,0.5053045153617859
audio/speaker_segments/Ses01F_impro01_F015.wav,audio/speaker_segments/Ses01F_impro01_F010.wav,0.23899033665657043
audio/speaker_segments/Ses01F_impro01_F015.wav,audio/speaker_segments/Ses01F_impro01_F004.wav,0.4074971377849579
audio/speaker_segments/Ses01F_impro01_F001.wav,audio/speaker_segments/Ses01F_impro01_F009.wav,0.21019361913204193
audio/speaker_segments/Ses01F_impro01_F001.wav,audio/speaker_segments/Ses01F_impro01_F008.wav,0.2024211287498474
audio/speaker_segments/Ses01F_impro01_F001.wav,audio/speaker_segments/Ses01F_impro01_M001.wav,-0.008249256759881973
audio/speaker_segments/Ses01F_impro01_F001.wav,audio/speaker_segments/Ses01F_impro01_M003.wav,0.02830560877919197
audio/speaker_segments/Ses01F_impro01_F001.wav,audio/speaker_segments/Ses01F_impro01_M002.wav,-0.011390140280127525
audio/speaker_segments/Ses01F_impro01_F001.wav,audio/speaker_segments/Ses01F_impro01_M012.wav,0.023640645667910576
audio/speaker_segments/Ses01F_impro01_F001.wav,audio/speaker_segments/Ses01F_impro01_M006.wav,-0.01789233833551407
audio/speaker_segments/Ses01F_impro01_F001.wav,audio/speaker_segments/Ses01F_impro01_M007.wav,0.0013170205056667328
audio/speaker_segments/Ses01F_impro01_F001.wav,audio/speaker_segments/Ses01F_impro01_M013.wav,0.09203968942165375
audio/speaker_segments/Ses01F_impro01_F001.wav,audio/speaker_segments/Ses01F_impro01_M005.wav,-0.003523781895637512
audio/speaker_segments/Ses01F_impro01_F001.wav,audio/speaker_segments/Ses01F_impro01_M011.wav,0.00410406943410635
audio/speaker_segments/Ses01F_impro01_F001.wav,audio/speaker_segments/Ses01F_impro01_M010.wav,0.040769122540950775
audio/speaker_segments/Ses01F_impro01_F001.wav,audio/speaker_segments/Ses01F_impro01_M004.wav,0.00681267399340868
audio/speaker_segments/Ses01F_impro01_F001.wav,audio/speaker_segments/Ses01F_impro01_M009.wav,0.02770831435918808
audio/speaker_segments/Ses01F_impro01_F001.wav,audio/speaker_segments/Ses01F_impro01_F000.wav,0.2859728932380676
audio/speaker_segments/Ses01F_impro01_F001.wav,audio/speaker_segments/Ses01F_impro01_F014.wav,0.2076357901096344
audio/speaker_segments/Ses01F_impro01_F001.wav,audio/speaker_segments/Ses01F_impro01_F015.wav,0.2164582908153534
audio/speaker_segments/Ses01F_impro01_F001.wav,audio/speaker_segments/Ses01F_impro01_F001.wav,1.0000001192092896
audio/speaker_segments/Ses01F_impro01_F001.wav,audio/speaker_segments/Ses01F_impro01_M008.wav,0.08357367664575577
audio/speaker_segments/Ses01F_impro01_F001.wav,audio/speaker_segments/Ses01F_impro01_F003.wav,0.29881030321121216
audio/speaker_segments/Ses01F_impro01_F001.wav,audio/speaker_segments/Ses01F_impro01_F002.wav,0.25677254796028137
audio/speaker_segments/Ses01F_impro01_F001.wav,audio/speaker_segments/Ses01F_impro01_F012.wav,0.25726813077926636
audio/speaker_segments/Ses01F_impro01_F001.wav,audio/speaker_segments/Ses01F_impro01_F006.wav,0.225833922624588
audio/speaker_segments/Ses01F_impro01_F001.wav,audio/speaker_segments/Ses01F_impro01_F007.wav,0.16818559169769287
audio/speaker_segments/Ses01F_impro01_F001.wav,audio/speaker_segments/Ses01F_impro01_F013.wav,0.052407748997211456
audio/speaker_segments/Ses01F_impro01_F001.wav,audio/speaker_segments/Ses01F_impro01_F005.wav,0.15548580884933472
audio/speaker_segments/Ses01F_impro01_F001.wav,audio/speaker_segments/Ses01F_impro01_F011.wav,0.222354918718338
audio/speaker_segments/Ses01F_impro01_F001.wav,audio/speaker_segments/Ses01F_impro01_F010.wav,0.046695902943611145
audio/speaker_segments/Ses01F_impro01_F001.wav,audio/speaker_segments/Ses01F_impro01_F004.wav,0.19334429502487183
audio/speaker_segments/Ses01F_impro01_M008.wav,audio/speaker_segments/Ses01F_impro01_F009.wav,0.08197887241840363
audio/speaker_segments/Ses01F_impro01_M008.wav,audio/speaker_segments/Ses01F_impro01_F008.wav,0.1246861144900322
audio/speaker_segments/Ses01F_impro01_M008.wav,audio/speaker_segments/Ses01F_impro01_M001.wav,0.12336374819278717
audio/speaker_segments/Ses01F_impro01_M008.wav,audio/speaker_segments/Ses01F_impro01_M003.wav,0.7493704557418823
audio/speaker_segments/Ses01F_impro01_M008.wav,audio/speaker_segments/Ses01F_impro01_M002.wav,0.6227124929428101
audio/speaker_segments/Ses01F_impro01_M008.wav,audio/speaker_segments/Ses01F_impro01_M012.wav,0.20140449702739716
audio/speaker_segments/Ses01F_impro01_M008.wav,audio/speaker_segments/Ses01F_impro01_M006.wav,0.7397044897079468
audio/speaker_segments/Ses01F_impro01_M008.wav,audio/speaker_segments/Ses01F_impro01_M007.wav,0.6658011674880981
audio/speaker_segments/Ses01F_impro01_M008.wav,audio/speaker_segments/Ses01F_impro01_M013.wav,0.5016603469848633
audio/speaker_segments/Ses01F_impro01_M008.wav,audio/speaker_segments/Ses01F_impro01_M005.wav,0.6643158793449402
audio/speaker_segments/Ses01F_impro01_M008.wav,audio/speaker_segments/Ses01F_impro01_M011.wav,0.6836531162261963
audio/speaker_segments/Ses01F_impro01_M008.wav,audio/speaker_segments/Ses01F_impro01_M010.wav,0.7403004765510559
audio/speaker_segments/Ses01F_impro01_M008.wav,audio/speaker_segments/Ses01F_impro01_M004.wav,0.5560708045959473
audio/speaker_segments/Ses01F_impro01_M008.wav,audio/speaker_segments/Ses01F_impro01_M009.wav,0.6424177289009094
audio/speaker_segments/Ses01F_impro01_M008.wav,audio/speaker_segments/Ses01F_impro01_F000.wav,-0.020548205822706223
audio/speaker_segments/Ses01F_impro01_M008.wav,audio/speaker_segments/Ses01F_impro01_F014.wav,0.11373931169509888
audio/speaker_segments/Ses01F_impro01_M008.wav,audio/speaker_segments/Ses01F_impro01_F015.wav,0.14348401129245758
audio/speaker_segments/Ses01F_impro01_M008.wav,audio/speaker_segments/Ses01F_impro01_F001.wav,0.08357367664575577
audio/speaker_segments/Ses01F_impro01_M008.wav,audio/speaker_segments/Ses01F_impro01_M008.wav,1.0000001192092896
audio/speaker_segments/Ses01F_impro01_M008.wav,audio/speaker_segments/Ses01F_impro01_F003.wav,-0.06396874040365219
audio/speaker_segments/Ses01F_impro01_M008.wav,audio/speaker_segments/Ses01F_impro01_F002.wav,0.0598376989364624
audio/speaker_segments/Ses01F_impro01_M008.wav,audio/speaker_segments/Ses01F_impro01_F012.wav,0.19728775322437286
audio/speaker_segments/Ses01F_impro01_M008.wav,audio/speaker_segments/Ses01F_impro01_F006.wav,-0.016033858060836792
audio/speaker_segments/Ses01F_impro01_M008.wav,audio/speaker_segments/Ses01F_impro01_F007.wav,0.11219660192728043
audio/speaker_segments/Ses01F_impro01_M008.wav,audio/speaker_segments/Ses01F_impro01_F013.wav,0.08946070075035095
audio/speaker_segments/Ses01F_impro01_M008.wav,audio/speaker_segments/Ses01F_impro01_F005.wav,0.11933019757270813
audio/speaker_segments/Ses01F_impro01_M008.wav,audio/speaker_segments/Ses01F_impro01_F011.wav,0.09817822277545929
audio/speaker_segments/Ses01F_impro01_M008.wav,audio/speaker_segments/Ses01F_impro01_F010.wav,0.11493116617202759
audio/speaker_segments/Ses01F_impro01_M008.wav,audio/speaker_segments/Ses01F_impro01_F004.wav,0.1427779495716095
audio/speaker_segments/Ses01F_impro01_F003.wav,audio/speaker_segments/Ses01F_impro01_F009.wav,0.3461167514324188
audio/speaker_segments/Ses01F_impro01_F003.wav,audio/speaker_segments/Ses01F_impro01_F008.wav,0.26180726289749146
audio/speaker_segments/Ses01F_impro01_F003.wav,audio/speaker_segments/Ses01F_impro01_M001.wav,0.040954187512397766
audio/speaker_segments/Ses01F_impro01_F003.wav,audio/speaker_segments/Ses01F_impro01_M003.wav,0.04225943982601166
audio/speaker_segments/Ses01F_impro01_F003.wav,audio/speaker_segments/Ses01F_impro01_M002.wav,0.01060890406370163
audio/speaker_segments/Ses01F_impro01_F003.wav,audio/speaker_segments/Ses01F_impro01_M012.wav,0.05805381387472153
audio/speaker_segments/Ses01F_impro01_F003.wav,audio/speaker_segments/Ses01F_impro01_M006.wav,0.030961252748966217
audio/speaker_segments/Ses01F_impro01_F003.wav,audio/speaker_segments/Ses01F_impro01_M007.wav,-0.018934259191155434
audio/speaker_segments/Ses01F_impro01_F003.wav,audio/speaker_segments/Ses01F_impro01_M013.wav,-0.025195391848683357
audio/speaker_segments/Ses01F_impro01_F003.wav,audio/speaker_segments/Ses01F_impro01_M005.wav,-0.043205633759498596
audio/speaker_segments/Ses01F_impro01_F003.wav,audio/speaker_segments/Ses01F_impro01_M011.wav,-0.0289481021463871
audio/speaker_segments/Ses01F_impro01_F003.wav,audio/speaker_segments/Ses01F_impro01_M010.wav,-0.031975775957107544
audio/speaker_segments/Ses01F_impro01_F003.wav,audio/speaker_segments/Ses01F_impro01_M004.wav,0.005776166915893555
audio/speaker_segments/Ses01F_impro01_F003.wav,audio/speaker_segments/Ses01F_impro01_M009.wav,0.01646275818347931
audio/speaker_segments/Ses01F_impro01_F003.wav,audio/speaker_segments/Ses01F_impro01_F000.wav,0.18669404089450836
audio/speaker_segments/Ses01F_impro01_F003.wav,audio/speaker_segments/Ses01F_impro01_F014.wav,0.3467169404029846
audio/speaker_segments/Ses01F_impro01_F003.wav,audio/speaker_segments/Ses01F_impro01_F015.wav,0.3420940637588501
audio/speaker_segments/Ses01F_impro01_F003.wav,audio/speaker_segments/Ses01F_impro01_F001.wav,0.29881030321121216
audio/speaker_segments/Ses01F_impro01_F003.wav,audio/speaker_segments/Ses01F_impro01_M008.wav,-0.06396874040365219
audio/speaker_segments/Ses01F_impro01_F003.wav,audio/speaker_segments/Ses01F_impro01_F003.wav,1.0
audio/speaker_segments/Ses01F_impro01_F003.wav,audio/speaker_segments/Ses01F_impro01_F002.wav,0.3676159977912903
audio/speaker_segments/Ses01F_impro01_F003.wav,audio/speaker_segments/Ses01F_impro01_F012.wav,0.3410198390483856
audio/speaker_segments/Ses01F_impro01_F003.wav,audio/speaker_segments/Ses01F_impro01_F006.wav,0.3098321259021759
audio/speaker_segments/Ses01F_impro01_F003.wav,audio/speaker_segments/Ses01F_impro01_F007.wav,0.325411319732666
audio/speaker_segments/Ses01F_impro01_F003.wav,audio/speaker_segments/Ses01F_impro01_F013.wav,0.19038692116737366
audio/speaker_segments/Ses01F_impro01_F003.wav,audio/speaker_segments/Ses01F_impro01_F005.wav,0.2486361861228943
audio/speaker_segments/Ses01F_impro01_F003.wav,audio/speaker_segments/Ses01F_impro01_F011.wav,0.3635304868221283
audio/speaker_segments/Ses01F_impro01_F003.wav,audio/speaker_segments/Ses01F_impro01_F010.wav,0.1961832344532013
audio/speaker_segments/Ses01F_impro01_F003.wav,audio/speaker_segments/Ses01F_impro01_F004.wav,0.44993507862091064
audio/speaker_segments/Ses01F_impro01_F002.wav,audio/speaker_segments/Ses01F_impro01_F009.wav,0.33790838718414307
audio/speaker_segments/Ses01F_impro01_F002.wav,audio/speaker_segments/Ses01F_impro01_F008.wav,0.21639248728752136
audio/speaker_segments/Ses01F_impro01_F002.wav,audio/speaker_segments/Ses01F_impro01_M001.wav,0.09511298686265945
audio/speaker_segments/Ses01F_impro01_F002.wav,audio/speaker_segments/Ses01F_impro01_M003.wav,0.07306460291147232
audio/speaker_segments/Ses01F_impro01_F002.wav,audio/speaker_segments/Ses01F_impro01_M002.wav,0.04399941489100456
audio/speaker_segments/Ses01F_impro01_F002.wav,audio/speaker_segments/Ses01F_impro01_M012.wav,0.0269748717546463
audio/speaker_segments/Ses01F_impro01_F002.wav,audio/speaker_segments/Ses01F_impro01_M006.wav,0.12721094489097595
audio/speaker_segments/Ses01F_impro01_F002.wav,audio/speaker_segments/Ses01F_impro01_M007.wav,0.018818752840161324
audio/speaker_segments/Ses01F_impro01_F002.wav,audio/speaker_segments/Ses01F_impro01_M013.wav,-0.0022154031321406364
audio/speaker_segments/Ses01F_impro01_F002.wav,audio/speaker_segments/Ses01F_impro01_M005.wav,0.06184616684913635
audio/speaker_segments/Ses01F_impro01_F002.wav,audio/speaker_segments/Ses01F_impro01_M011.wav,0.045956842601299286
audio/speaker_segments/Ses01F_impro01_F002.wav,audio/speaker_segments/Ses01F_impro01_M010.wav,0.0411156490445137
audio/speaker_segments/Ses01F_impro01_F002.wav,audio/speaker_segments/Ses01F_impro01_M004.wav,0.08436627686023712
audio/speaker_segments/Ses01F_impro01_F002.wav,audio/speaker_segments/Ses01F_impro01_M009.wav,0.0924101322889328
audio/speaker_segments/Ses01F_impro01_F002.wav,audio/speaker_segments/Ses01F_impro01_F000.wav,0.11830385029315948
audio/speaker_segments/Ses01F_impro01_F002.wav,audio/speaker_segments/Ses01F_impro01_F014.wav,0.43652600049972534
audio/speaker_segments/Ses01F_impro01_F002.wav,audio/speaker_segments/Ses01F_impro01_F015.wav,0.38784945011138916
audio/speaker_segments/Ses01F_impro01_F002.wav,audio/speaker_segments/Ses01F_impro01_F001.wav,0.25677254796028137
audio/speaker_segments/Ses01F_impro01_F002.wav,audio/speaker_segments/Ses01F_impro01_M008.wav,0.0598376989364624
audio/speaker_segments/Ses01F_impro01_F002.wav,audio/speaker_segments/Ses01F_impro01_F003.wav,0.3676159977912903
audio/speaker_segments/Ses01F_impro01_F002.wav,audio/speaker_segments/Ses01F_impro01_F002.wav,1.0
audio/speaker_segments/Ses01F_impro01_F002.wav,audio/speaker_segments/Ses01F_impro01_F012.wav,0.410479873418808
audio/speaker_segments/Ses01F_impro01_F002.wav,audio/speaker_segments/Ses01F_impro01_F006.wav,0.3289737403392792
audio/speaker_segments/Ses01F_impro01_F002.wav,audio/speaker_segments/Ses01F_impro01_F007.wav,0.37459608912467957
audio/speaker_segments/Ses01F_impro01_F002.wav,audio/speaker_segments/Ses01F_impro01_F013.wav,0.16354405879974365
audio/speaker_segments/Ses01F_impro01_F002.wav,audio/speaker_segments/Ses01F_impro01_F005.wav,0.2762796878814697
audio/speaker_segments/Ses01F_impro01_F002.wav,audio/speaker_segments/Ses01F_impro01_F011.wav,0.47832146286964417
audio/speaker_segments/Ses01F_impro01_F002.wav,audio/speaker_segments/Ses01F_impro01_F010.wav,0.2681690454483032
audio/speaker_segments/Ses01F_impro01_F002.wav,audio/speaker_segments/Ses01F_impro01_F004.wav,0.4344141185283661
audio/speaker_segments/Ses01F_impro01_F012.wav,audio/speaker_segments/Ses01F_impro01_F009.wav,0.4238128662109375
audio/speaker_segments/Ses01F_impro01_F012.wav,audio/speaker_segments/Ses01F_impro01_F008.wav,0.28357142210006714
audio/speaker_segments/Ses01F_impro01_F012.wav,audio/speaker_segments/Ses01F_impro01_M001.wav,0.002447802573442459
audio/speaker_segments/Ses01F_impro01_F012.wav,audio/speaker_segments/Ses01F_impro01_M003.wav,0.22280198335647583
audio/speaker_segments/Ses01F_impro01_F012.wav,audio/speaker_segments/Ses01F_impro01_M002.wav,0.1183435320854187
audio/speaker_segments/Ses01F_impro01_F012.wav,audio/speaker_segments/Ses01F_impro01_M012.wav,0.0014297636225819588
audio/speaker_segments/Ses01F_impro01_F012.wav,audio/speaker_segments/Ses01F_impro01_M006.wav,0.23435761034488678
audio/speaker_segments/Ses01F_impro01_F012.wav,audio/speaker_segments/Ses01F_impro01_M007.wav,0.15916505455970764
audio/speaker_segments/Ses01F_impro01_F012.wav,audio/speaker_segments/Ses01F_impro01_M013.wav,0.1379149854183197
audio/speaker_segments/Ses01F_impro01_F012.wav,audio/speaker_segments/Ses01F_impro01_M005.wav,0.11004570126533508
audio/speaker_segments/Ses01F_impro01_F012.wav,audio/speaker_segments/Ses01F_impro01_M011.wav,0.1371733695268631
audio/speaker_segments/Ses01F_impro01_F012.wav,audio/speaker_segments/Ses01F_impro01_M010.wav,0.177467942237854
audio/speaker_segments/Ses01F_impro01_F012.wav,audio/speaker_segments/Ses01F_impro01_M004.wav,0.11395488679409027
audio/speaker_segments/Ses01F_impro01_F012.wav,audio/speaker_segments/Ses01F_impro01_M009.wav,0.17493383586406708
audio/speaker_segments/Ses01F_impro01_F012.wav,audio/speaker_segments/Ses01F_impro01_F000.wav,0.12384651601314545
audio/speaker_segments/Ses01F_impro01_F012.wav,audio/speaker_segments/Ses01F_impro01_F014.wav,0.4731382727622986
audio/speaker_segments/Ses01F_impro01_F012.wav,audio/speaker_segments/Ses01F_impro01_F015.wav,0.3165026307106018
audio/speaker_segments/Ses01F_impro01_F012.wav,audio/speaker_segments/Ses01F_impro01_F001.wav,0.25726813077926636
audio/speaker_segments/Ses01F_impro01_F012.wav,audio/speaker_segments/Ses01F_impro01_M008.wav,0.19728775322437286
audio/speaker_segments/Ses01F_impro01_F012.wav,audio/speaker_segments/Ses01F_impro01_F003.wav,0.3410198390483856
audio/speaker_segments/Ses01F_impro01_F012.wav,audio/speaker_segments/Ses01F_impro01_F002.wav,0.410479873418808
audio/speaker_segments/Ses01F_impro01_F012.wav,audio/speaker_segments/Ses01F_impro01_F012.wav,1.0
audio/speaker_segments/Ses01F_impro01_F012.wav,audio/speaker_segments/Ses01F_impro01_F006.wav,0.32564932107925415
audio/speaker_segments/Ses01F_impro01_F012.wav,audio/speaker_segments/Ses01F_impro01_F007.wav,0.455514520406723
audio/speaker_segments/Ses01F_impro01_F012.wav,audio/speaker_segments/Ses01F_impro01_F013.wav,0.2234436422586441
audio/speaker_segments/Ses01F_impro01_F012.wav,audio/speaker_segments/Ses01F_impro01_F005.wav,0.3175591826438904
audio/speaker_segments/Ses01F_impro01_F012.wav,audio/speaker_segments/Ses01F_impro01_F011.wav,0.4518135190010071
audio/speaker_segments/Ses01F_impro01_F012.wav,audio/speaker_segments/Ses01F_impro01_F010.wav,0.3133634626865387
audio/speaker_segments/Ses01F_impro01_F012.wav,audio/speaker_segments/Ses01F_impro01_F004.wav,0.35444462299346924
audio/speaker_segments/Ses01F_impro01_F006.wav,audio/speaker_segments/Ses01F_impro01_F009.wav,0.4538026750087738
audio/speaker_segments/Ses01F_impro01_F006.wav,audio/speaker_segments/Ses01F_impro01_F008.wav,0.4752393662929535
audio/speaker_segments/Ses01F_impro01_F006.wav,audio/speaker_segments/Ses01F_impro01_M001.wav,-0.05425117909908295
audio/speaker_segments/Ses01F_impro01_F006.wav,audio/speaker_segments/Ses01F_impro01_M003.wav,0.017545253038406372
audio/speaker_segments/Ses01F_impro01_F006.wav,audio/speaker_segments/Ses01F_impro01_M002.wav,-0.01952029950916767
audio/speaker_segments/Ses01F_impro01_F006.wav,audio/speaker_segments/Ses01F_impro01_M012.wav,-0.02307802252471447
audio/speaker_segments/Ses01F_impro01_F006.wav,audio/speaker_segments/Ses01F_impro01_M006.wav,0.05295213311910629
audio/speaker_segments/Ses01F_impro01_F006.wav,audio/speaker_segments/Ses01F_impro01_M007.wav,-0.018463952466845512
audio/speaker_segments/Ses01F_impro01_F006.wav,audio/speaker_segments/Ses01F_impro01_M013.wav,-0.011763111688196659
audio/speaker_segments/Ses01F_impro01_F006.wav,audio/speaker_segments/Ses01F_impro01_M005.wav,-0.030474144965410233
audio/speaker_segments/Ses01F_impro01_F006.wav,audio/speaker_segments/Ses01F_impro01_M011.wav,-0.03383267670869827
audio/speaker_segments/Ses01F_impro01_F006.wav,audio/speaker_segments/Ses01F_impro01_M010.wav,-0.03091602399945259
audio/speaker_segments/Ses01F_impro01_F006.wav,audio/speaker_segments/Ses01F_impro01_M004.wav,0.006560968235135078
audio/speaker_segments/Ses01F_impro01_F006.wav,audio/speaker_segments/Ses01F_impro01_M009.wav,-0.011090999469161034
audio/speaker_segments/Ses01F_impro01_F006.wav,audio/speaker_segments/Ses01F_impro01_F000.wav,0.3474433124065399
audio/speaker_segments/Ses01F_impro01_F006.wav,audio/speaker_segments/Ses01F_impro01_F014.wav,0.5178667306900024
audio/speaker_segments/Ses01F_impro01_F006.wav,audio/speaker_segments/Ses01F_impro01_F015.wav,0.36272260546684265
audio/speaker_segments/Ses01F_impro01_F006.wav,audio/speaker_segments/Ses01F_impro01_F001.wav,0.225833922624588
audio/speaker_segments/Ses01F_impro01_F006.wav,audio/speaker_segments/Ses01F_impro01_M008.wav,-0.016033858060836792
audio/speaker_segments/Ses01F_impro01_F006.wav,audio/speaker_segments/Ses01F_impro01_F003.wav,0.3098321259021759
audio/speaker_segments/Ses01F_impro01_F006.wav,audio/speaker_segments/Ses01F_impro01_F002.wav,0.3289737403392792
audio/speaker_segments/Ses01F_impro01_F006.wav,audio/speaker_segments/Ses01F_impro01_F012.wav,0.32564932107925415
audio/speaker_segments/Ses01F_impro01_F006.wav,audio/speaker_segments/Ses01F_impro01_F006.wav,1.0
audio/speaker_segments/Ses01F_impro01_F006.wav,audio/speaker_segments/Ses01F_impro01_F007.wav,0.5991495251655579
audio/speaker_segments/Ses01F_impro01_F006.wav,audio/speaker_segments/Ses01F_impro01_F013.wav,0.4312618672847748
audio/speaker_segments/Ses01F_impro01_F006.wav,audio/speaker_segments/Ses01F_impro01_F005.wav,0.5834481120109558
audio/speaker_segments/Ses01F_impro01_F006.wav,audio/speaker_segments/Ses01F_impro01_F011.wav,0.5486459136009216
audio/speaker_segments/Ses01F_impro01_F006.wav,audio/speaker_segments/Ses01F_impro01_F010.wav,0.3335724472999573
audio/speaker_segments/Ses01F_impro01_F006.wav,audio/speaker_segments/Ses01F_impro01_F004.wav,0.4561700224876404
audio/speaker_segments/Ses01F_impro01_F007.wav,audio/speaker_segments/Ses01F_impro01_F009.wav,0.5197038054466248
audio/speaker_segments/Ses01F_impro01_F007.wav,audio/speaker_segments/Ses01F_impro01_F008.wav,0.6275734901428223
audio/speaker_segments/Ses01F_impro01_F007.wav,audio/speaker_segments/Ses01F_impro01_M001.wav,0.01705370657145977
audio/speaker_segments/Ses01F_impro01_F007.wav,audio/speaker_segments/Ses01F_impro01_M003.wav,0.17884133756160736
audio/speaker_segments/Ses01F_impro01_F007.wav,audio/speaker_segments/Ses01F_impro01_M002.wav,0.13462992012500763
audio/speaker_segments/Ses01F_impro01_F007.wav,audio/speaker_segments/Ses01F_impro01_M012.wav,0.09993874281644821
audio/speaker_segments/Ses01F_impro01_F007.wav,audio/speaker_segments/Ses01F_impro01_M006.wav,0.24744465947151184
audio/speaker_segments/Ses01F_impro01_F007.wav,audio/speaker_segments/Ses01F_impro01_M007.wav,0.13744236528873444
audio/speaker_segments/Ses01F_impro01_F007.wav,audio/speaker_segments/Ses01F_impro01_M013.wav,0.04879912734031677
audio/speaker_segments/Ses01F_impro01_F007.wav,audio/speaker_segments/Ses01F_impro01_M005.wav,0.09170101583003998
audio/speaker_segments/Ses01F_impro01_F007.wav,audio/speaker_segments/Ses01F_impro01_M011.wav,0.09255248308181763
audio/speaker_segments/Ses01F_impro01_F007.wav,audio/speaker_segments/Ses01F_impro01_M010.wav,0.1350748986005783
audio/speaker_segments/Ses01F_impro01_F007.wav,audio/speaker_segments/Ses01F_impro01_M004.wav,0.11369384080171585
audio/speaker_segments/Ses01F_impro01_F007.wav,audio/speaker_segments/Ses01F_impro01_M009.wav,0.09294033795595169
audio/speaker_segments/Ses01F_impro01_F007.wav,audio/speaker_segments/Ses01F_impro01_F000.wav,0.2693537473678589
audio/speaker_segments/Ses01F_impro01_F007.wav,audio/speaker_segments/Ses01F_impro01_F014.wav,0.5326671004295349
audio/speaker_segments/Ses01F_impro01_F007.wav,audio/speaker_segments/Ses01F_impro01_F015.wav,0.3934420943260193
audio/speaker_segments/Ses01F_impro01_F007.wav,audio/speaker_segments/Ses01F_impro01_F001.wav,0.16818559169769287
audio/speaker_segments/Ses01F_impro01_F007.wav,audio/speaker_segments/Ses01F_impro01_M008.wav,0.11219660192728043
audio/speaker_segments/Ses01F_impro01_F007.wav,audio/speaker_segments/Ses01F_impro01_F003.wav,0.325411319732666
audio/speaker_segments/Ses01F_impro01_F007.wav,audio/speaker_segments/Ses01F_impro01_F002.wav,0.37459608912467957
audio/speaker_segments/Ses01F_impro01_F007.wav,audio/speaker_segments/Ses01F_impro01_F012.wav,0.455514520406723
audio/speaker_segments/Ses01F_impro01_F007.wav,audio/speaker_segments/Ses01F_impro01_F006.wav,0.5991495251655579
audio/speaker_segments/Ses01F_impro01_F007.wav,audio/speaker_segments/Ses01F_impro01_F007.wav,1.000000238418579
audio/speaker_segments/Ses01F_impro01_F007.wav,audio/speaker_segments/Ses01F_impro01_F013.wav,0.3834504187107086
audio/speaker_segments/Ses01F_impro01_F007.wav,audio/speaker_segments/Ses01F_impro01_F005.wav,0.41241592168807983
audio/speaker_segments/Ses01F_impro01_F007.wav,audio/speaker_segments/Ses01F_impro01_F011.wav,0.6776577234268188
audio/speaker_segments/Ses01F_impro01_F007.wav,audio/speaker_segments/Ses01F_impro01_F010.wav,0.36623337864875793
audio/speaker_segments/Ses01F_impro01_F007.wav,audio/speaker_segments/Ses01F_impro01_F004.wav,0.5661529302597046
audio/speaker_segments/Ses01F_impro01_F013.wav,audio/speaker_segments/Ses01F_impro01_F009.wav,0.2412564903497696
audio/speaker_segments/Ses01F_impro01_F013.wav,audio/speaker_segments/Ses01F_impro01_F008.wav,0.30783727765083313
audio/speaker_segments/Ses01F_impro01_F013.wav,audio/speaker_segments/Ses01F_impro01_M001.wav,0.04695618152618408
audio/speaker_segments/Ses01F_impro01_F013.wav,audio/speaker_segments/Ses01F_impro01_M003.wav,0.13391733169555664
audio/speaker_segments/Ses01F_impro01_F013.wav,audio/speaker_segments/Ses01F_impro01_M002.wav,0.03991427272558212
audio/speaker_segments/Ses01F_impro01_F013.wav,audio/speaker_segments/Ses01F_impro01_M012.wav,0.08597104251384735
audio/speaker_segments/Ses01F_impro01_F013.wav,audio/speaker_segments/Ses01F_impro01_M006.wav,0.11555878818035126
audio/speaker_segments/Ses01F_impro01_F013.wav,audio/speaker_segments/Ses01F_impro01_M007.wav,0.09791930019855499
audio/speaker_segments/Ses01F_impro01_F013.wav,audio/speaker_segments/Ses01F_impro01_M013.wav,0.06662333011627197
audio/speaker_segments/Ses01F_impro01_F013.wav,audio/speaker_segments/Ses01F_impro01_M005.wav,0.02947627380490303
audio/speaker_segments/Ses01F_impro01_F013.wav,audio/speaker_segments/Ses01F_impro01_M011.wav,0.07305783033370972
audio/speaker_segments/Ses01F_impro01_F013.wav,audio/speaker_segments/Ses01F_impro01_M010.wav,0.043442316353321075
audio/speaker_segments/Ses01F_impro01_F013.wav,audio/speaker_segments/Ses01F_impro01_M004.wav,0.0714249387383461
audio/speaker_segments/Ses01F_impro01_F013.wav,audio/speaker_segments/Ses01F_impro01_M009.wav,0.0583660751581192
audio/speaker_segments/Ses01F_impro01_F013.wav,audio/speaker_segments/Ses01F_impro01_F000.wav,0.14724667370319366
audio/speaker_segments/Ses01F_impro01_F013.wav,audio/speaker_segments/Ses01F_impro01_F014.wav,0.35344359278678894
audio/speaker_segments/Ses01F_impro01_F013.wav,audio/speaker_segments/Ses01F_impro01_F015.wav,0.20097097754478455
audio/speaker_segments/Ses01F_impro01_F013.wav,audio/speaker_segments/Ses01F_impro01_F001.wav,0.052407748997211456
audio/speaker_segments/Ses01F_impro01_F013.wav,audio/speaker_segments/Ses01F_impro01_M008.wav,0.08946070075035095
audio/speaker_segments/Ses01F_impro01_F013.wav,audio/speaker_segments/Ses01F_impro01_F003.wav,0.19038692116737366
audio/speaker_segments/Ses01F_impro01_F013.wav,audio/speaker_segments/Ses01F_impro01_F002.wav,0.16354405879974365
audio/speaker_segments/Ses01F_impro01_F013.wav,audio/speaker_segments/Ses01F_impro01_F012.wav,0.2234436422586441
audio/speaker_segments/Ses01F_impro01_F013.wav,audio/speaker_segments/Ses01F_impro01_F006.wav,0.4312618672847748
audio/speaker_segments/Ses01F_impro01_F013.wav,audio/speaker_segments/Ses01F_impro01_F007.wav,0.3834504187107086
audio/speaker_segments/Ses01F_impro01_F013.wav,audio/speaker_segments/Ses01F_impro01_F013.wav,1.0000001192092896
audio/speaker_segments/Ses01F_impro01_F013.wav,audio/speaker_segments/Ses01F_impro01_F005.wav,0.40482601523399353
audio/speaker_segments/Ses01F_impro01_F013.wav,audio/speaker_segments/Ses01F_impro01_F011.wav,0.3481011390686035
audio/speaker_segments/Ses01F_impro01_F013.wav,audio/speaker_segments/Ses01F_impro01_F010.wav,0.2908623218536377
audio/speaker_segments/Ses01F_impro01_F013.wav,audio/speaker_segments/Ses01F_impro01_F004.wav,0.2868809700012207
audio/speaker_segments/Ses01F_impro01_F005.wav,audio/speaker_segments/Ses01F_impro01_F009.wav,0.3343677818775177
audio/speaker_segments/Ses01F_impro01_F005.wav,audio/speaker_segments/Ses01F_impro01_F008.wav,0.39548903703689575
audio/speaker_segments/Ses01F_impro01_F005.wav,audio/speaker_segments/Ses01F_impro01_M001.wav,0.020561620593070984
audio/speaker_segments/Ses01F_impro01_F005.wav,audio/speaker_segments/Ses01F_impro01_M003.wav,0.13009309768676758
audio/speaker_segments/Ses01F_impro01_F005.wav,audio/speaker_segments/Ses01F_impro01_M002.wav,0.11251896619796753
audio/speaker_segments/Ses01F_impro01_F005.wav,audio/speaker_segments/Ses01F_impro01_M012.wav,0.02892899699509144
audio/speaker_segments/Ses01F_impro01_F005.wav,audio/speaker_segments/Ses01F_impro01_M006.wav,0.09593450278043747
audio/speaker_segments/Ses01F_impro01_F005.wav,audio/speaker_segments/Ses01F_impro01_M007.wav,0.08720256388187408
audio/speaker_segments/Ses01F_impro01_F005.wav,audio/speaker_segments/Ses01F_impro01_M013.wav,0.06758174300193787
audio/speaker_segments/Ses01F_impro01_F005.wav,audio/speaker_segments/Ses01F_impro01_M005.wav,0.07250628620386124
audio/speaker_segments/Ses01F_impro01_F005.wav,audio/speaker_segments/Ses01F_impro01_M011.wav,0.056077003479003906
audio/speaker_segments/Ses01F_impro01_F005.wav,audio/speaker_segments/Ses01F_impro01_M010.wav,0.06556107103824615
audio/speaker_segments/Ses01F_impro01_F005.wav,audio/speaker_segments/Ses01F_impro01_M004.wav,0.12083949893712997
audio/speaker_segments/Ses01F_impro01_F005.wav,audio/speaker_segments/Ses01F_impro01_M009.wav,0.11077554523944855
audio/speaker_segments/Ses01F_impro01_F005.wav,audio/speaker_segments/Ses01F_impro01_F000.wav,0.11704909801483154
audio/speaker_segments/Ses01F_impro01_F005.wav,audio/speaker_segments/Ses01F_impro01_F014.wav,0.2609097957611084
audio/speaker_segments/Ses01F_impro01_F005.wav,audio/speaker_segments/Ses01F_impro01_F015.wav,0.27305400371551514
audio/speaker_segments/Ses01F_impro01_F005.wav,audio/speaker_segments/Ses01F_impro01_F001.wav,0.15548580884933472
audio/speaker_segments/Ses01F_impro01_F005.wav,audio/speaker_segments/Ses01F_impro01_M008.wav,0.11933019757270813
audio/speaker_segments/Ses01F_impro01_F005.wav,audio/speaker_segments/Ses01F_impro01_F003.wav,0.2486361861228943
audio/speaker_segments/Ses01F_impro01_F005.wav,audio/speaker_segments/Ses01F_impro01_F002.wav,0.2762796878814697
audio/speaker_segments/Ses01F_impro01_F005.wav,audio/speaker_segments/Ses01F_impro01_F012.wav,0.3175591826438904
audio/speaker_segments/Ses01F_impro01_F005.wav,audio/speaker_segments/Ses01F_impro01_F006.wav,0.5834481120109558
audio/speaker_segments/Ses01F_impro01_F005.wav,audio/speaker_segments/Ses01F_impro01_F007.wav,0.41241592168807983
audio/speaker_segments/Ses01F_impro01_F005.wav,audio/speaker_segments/Ses01F_impro01_F013.wav,0.40482601523399353
audio/speaker_segments/Ses01F_impro01_F005.wav,audio/speaker_segments/Ses01F_impro01_F005.wav,1.0000001192092896
audio/speaker_segments/Ses01F_impro01_F005.wav,audio/speaker_segments/Ses01F_impro01_F011.wav,0.40237104892730713
audio/speaker_segments/Ses01F_impro01_F005.wav,audio/speaker_segments/Ses01F_impro01_F010.wav,0.33139950037002563
audio/speaker_segments/Ses01F_impro01_F005.wav,audio/speaker_segments/Ses01F_impro01_F004.wav,0.31159067153930664
audio/speaker_segments/Ses01F_impro01_F011.wav,audio/speaker_segments/Ses01F_impro01_F009.wav,0.544814944267273
audio/speaker_segments/Ses01F_impro01_F011.wav,audio/speaker_segments/Ses01F_impro01_F008.wav,0.6543222665786743
audio/speaker_segments/Ses01F_impro01_F011.wav,audio/speaker_segments/Ses01F_impro01_M001.wav,-0.0028794370591640472
audio/speaker_segments/Ses01F_impro01_F011.wav,audio/speaker_segments/Ses01F_impro01_M003.wav,0.14326153695583344
audio/speaker_segments/Ses01F_impro01_F011.wav,audio/speaker_segments/Ses01F_impro01_M002.wav,0.11536429822444916
audio/speaker_segments/Ses01F_impro01_F011.wav,audio/speaker_segments/Ses01F_impro01_M012.wav,0.076285719871521
audio/speaker_segments/Ses01F_impro01_F011.wav,audio/speaker_segments/Ses01F_impro01_M006.wav,0.1478593796491623
audio/speaker_segments/Ses01F_impro01_F011.wav,audio/speaker_segments/Ses01F_impro01_M007.wav,0.06503317505121231
audio/speaker_segments/Ses01F_impro01_F011.wav,audio/speaker_segments/Ses01F_impro01_M013.wav,-0.02065080963075161
audio/speaker_segments/Ses01F_impro01_F011.wav,audio/speaker_segments/Ses01F_impro01_M005.wav,0.028217775747179985
audio/speaker_segments/Ses01F_impro01_F011.wav,audio/speaker_segments/Ses01F_impro01_M011.wav,0.04784257337450981
audio/speaker_segments/Ses01F_impro01_F011.wav,audio/speaker_segments/Ses01F_impro01_M010.wav,0.07456859201192856
audio/speaker_segments/Ses01F_impro01_F011.wav,audio/speaker_segments/Ses01F_impro01_M004.wav,0.03939538449048996
audio/speaker_segments/Ses01F_impro01_F011.wav,audio/speaker_segments/Ses01F_impro01_M009.wav,0.03888927027583122
audio/speaker_segments/Ses01F_impro01_F011.wav,audio/speaker_segments/Ses01F_impro01_F000.wav,0.26248905062675476
audio/speaker_segments/Ses01F_impro01_F011.wav,audio/speaker_segments/Ses01F_impro01_F014.wav,0.5294329524040222
audio/speaker_segments/Ses01F_impro01_F011.wav,audio/speaker_segments/Ses01F_impro01_F015.wav,0.5053045153617859
audio/speaker_segments/Ses01F_impro01_F011.wav,audio/speaker_segments/Ses01F_impro01_F001.wav,0.222354918718338
audio/speaker_segments/Ses01F_impro01_F011.wav,audio/speaker_segments/Ses01F_impro01_M008.wav,0.09817822277545929
audio/speaker_segments/Ses01F_impro01_F011.wav,audio/speaker_segments/Ses01F_impro01_F003.wav,0.3635304868221283
audio/speaker_segments/Ses01F_impro01_F011.wav,audio/speaker_segments/Ses01F_impro01_F002.wav,0.47832146286964417
audio/speaker_segments/Ses01F_impro01_F011.wav,audio/speaker_segments/Ses01F_impro01_F012.wav,0.4518135190010071
audio/speaker_segments/Ses01F_impro01_F011.wav,audio/speaker_segments/Ses01F_impro01_F006.wav,0.5486459136009216
audio/speaker_segments/Ses01F_impro01_F011.wav,audio/speaker_segments/Ses01F_impro01_F007.wav,0.6776577234268188
audio/speaker_segments/Ses01F_impro01_F011.wav,audio/speaker_segments/Ses01F_impro01_F013.wav,0.3481011390686035
audio/speaker_segments/Ses01F_impro01_F011.wav,audio/speaker_segments/Ses01F_impro01_F005.wav,0.40237104892730713
audio/speaker_segments/Ses01F_impro01_F011.wav,audio/speaker_segments/Ses01F_impro01_F011.wav,1.0
audio/speaker_segments/Ses01F_impro01_F011.wav,audio/speaker_segments/Ses01F_impro01_F010.wav,0.35068029165267944
audio/speaker_segments/Ses01F_impro01_F011.wav,audio/speaker_segments/Ses01F_impro01_F004.wav,0.6619141101837158
audio/speaker_segments/Ses01F_impro01_F010.wav,audio/speaker_segments/Ses01F_impro01_F009.wav,0.19193531572818756
audio/speaker_segments/Ses01F_impro01_F010.wav,audio/speaker_segments/Ses01F_impro01_F008.wav,0.31664836406707764
audio/speaker_segments/Ses01F_impro01_F010.wav,audio/speaker_segments/Ses01F_impro01_M001.wav,0.011696308851242065
audio/speaker_segments/Ses01F_impro01_F010.wav,audio/speaker_segments/Ses01F_impro01_M003.wav,0.24625784158706665
audio/speaker_segments/Ses01F_impro01_F010.wav,audio/speaker_segments/Ses01F_impro01_M002.wav,0.07504943758249283
audio/speaker_segments/Ses01F_impro01_F010.wav,audio/speaker_segments/Ses01F_impro01_M012.wav,0.05775805562734604
audio/speaker_segments/Ses01F_impro01_F010.wav,audio/speaker_segments/Ses01F_impro01_M006.wav,0.27462106943130493
audio/speaker_segments/Ses01F_impro01_F010.wav,audio/speaker_segments/Ses01F_impro01_M007.wav,0.13534358143806458
audio/speaker_segments/Ses01F_impro01_F010.wav,audio/speaker_segments/Ses01F_impro01_M013.wav,0.0802617073059082
audio/speaker_segments/Ses01F_impro01_F010.wav,audio/speaker_segments/Ses01F_impro01_M005.wav,0.1457982063293457
audio/speaker_segments/Ses01F_impro01_F010.wav,audio/speaker_segments/Ses01F_impro01_M011.wav,0.15069012343883514
audio/speaker_segments/Ses01F_impro01_F010.wav,audio/speaker_segments/Ses01F_impro01_M010.wav,0.19417287409305573
audio/speaker_segments/Ses01F_impro01_F010.wav,audio/speaker_segments/Ses01F_impro01_M004.wav,0.15399833023548126
audio/speaker_segments/Ses01F_impro01_F010.wav,audio/speaker_segments/Ses01F_impro01_M009.wav,0.16164687275886536
audio/speaker_segments/Ses01F_impro01_F010.wav,audio/speaker_segments/Ses01F_impro01_F000.wav,-0.01906818524003029
audio/speaker_segments/Ses01F_impro01_F010.wav,audio/speaker_segments/Ses01F_impro01_F014.wav,0.31429922580718994
audio/speaker_segments/Ses01F_impro01_F010.wav,audio/speaker_segments/Ses01F_impro01_F015.wav,0.23899033665657043
audio/speaker_segments/Ses01F_impro01_F010.wav,audio/speaker_segments/Ses01F_impro01_F001.wav,0.046695902943611145
audio/speaker_segments/Ses01F_impro01_F010.wav,audio/speaker_segments/Ses01F_impro01_M008.wav,0.11493116617202759
audio/speaker_segments/Ses01F_impro01_F010.wav,audio/speaker_segments/Ses01F_impro01_F003.wav,0.1961832344532013
audio/speaker_segments/Ses01F_impro01_F010.wav,audio/speaker_segments/Ses01F_impro01_F002.wav,0.2681690454483032
audio/speaker_segments/Ses01F_impro01_F010.wav,audio/speaker_segments/Ses01F_impro01_F012.wav,0.3133634626865387
audio/speaker_segments/Ses01F_impro01_F010.wav,audio/speaker_segments/Ses01F_impro01_F006.wav,0.3335724472999573
audio/speaker_segments/Ses01F_impro01_F010.wav,audio/speaker_segments/Ses01F_impro01_F007.wav,0.36623337864875793
audio/speaker_segments/Ses01F_impro01_F010.wav,audio/speaker_segments/Ses01F_impro01_F013.wav,0.2908623218536377
audio/speaker_segments/Ses01F_impro01_F010.wav,audio/speaker_segments/Ses01F_impro01_F005.wav,0.33139950037002563
audio/speaker_segments/Ses01F_impro01_F010.wav,audio/speaker_segments/Ses01F_impro01_F011.wav,0.35068029165267944
audio/speaker_segments/Ses01F_impro01_F010.wav,audio/speaker_segments/Ses01F_impro01_F010.wav,1.0
audio/speaker_segments/Ses01F_impro01_F010.wav,audio/speaker_segments/Ses01F_impro01_F004.wav,0.16337226331233978
audio/speaker_segments/Ses01F_impro01_F004.wav,audio/speaker_segments/Ses01F_impro01_F009.wav,0.48749837279319763
audio/speaker_segments/Ses01F_impro01_F004.wav,audio/speaker_segments/Ses01F_impro01_F008.wav,0.4775603711605072
audio/speaker_segments/Ses01F_impro01_F004.wav,audio/speaker_segments/Ses01F_impro01_M001.wav,-0.03750048205256462
audio/speaker_segments/Ses01F_impro01_F004.wav,audio/speaker_segments/Ses01F_impro01_M003.wav,0.14487773180007935
audio/speaker_segments/Ses01F_impro01_F004.wav,audio/speaker_segments/Ses01F_impro01_M002.wav,0.10000725835561752
audio/speaker_segments/Ses01F_impro01_F004.wav,audio/speaker_segments/Ses01F_impro01_M012.wav,0.07681787759065628
audio/speaker_segments/Ses01F_impro01_F004.wav,audio/speaker_segments/Ses01F_impro01_M006.wav,0.19673457741737366
audio/speaker_segments/Ses01F_impro01_F004.wav,audio/speaker_segments/Ses01F_impro01_M007.wav,0.10274657607078552
audio/speaker_segments/Ses01F_impro01_F004.wav,audio/speaker_segments/Ses01F_impro01_M013.wav,0.03684550151228905
audio/speaker_segments/Ses01F_impro01_F004.wav,audio/speaker_segments/Ses01F_impro01_M005.wav,0.07599106431007385
audio/speaker_segments/Ses01F_impro01_F004.wav,audio/speaker_segments/Ses01F_impro01_M011.wav,0.076399065554142
audio/speaker_segments/Ses01F_impro01_F004.wav,audio/speaker_segments/Ses01F_impro01_M010.wav,0.1091432273387909
audio/speaker_segments/Ses01F_impro01_F004.wav,audio/speaker_segments/Ses01F_impro01_M004.wav,0.08005817979574203
audio/speaker_segments/Ses01F_impro01_F004.wav,audio/speaker_segments/Ses01F_impro01_M009.wav,0.07212893664836884
audio/speaker_segments/Ses01F_impro01_F004.wav,audio/speaker_segments/Ses01F_impro01_F000.wav,0.2701703906059265
audio/speaker_segments/Ses01F_impro01_F004.wav,audio/speaker_segments/Ses01F_impro01_F014.wav,0.5248450636863708
audio/speaker_segments/Ses01F_impro01_F004.wav,audio/speaker_segments/Ses01F_impro01_F015.wav,0.4074971377849579
audio/speaker_segments/Ses01F_impro01_F004.wav,audio/speaker_segments/Ses01F_impro01_F001.wav,0.19334429502487183
audio/speaker_segments/Ses01F_impro01_F004.wav,audio/speaker_segments/Ses01F_impro01_M008.wav,0.1427779495716095
audio/speaker_segments/Ses01F_impro01_F004.wav,audio/speaker_segments/Ses01F_impro01_F003.wav,0.44993507862091064
audio/speaker_segments/Ses01F_impro01_F004.wav,audio/speaker_segments/Ses01F_impro01_F002.wav,0.4344141185283661
audio/speaker_segments/Ses01F_impro01_F004.wav,audio/speaker_segments/Ses01F_impro01_F012.wav,0.35444462299346924
audio/speaker_segments/Ses01F_impro01_F004.wav,audio/speaker_segments/Ses01F_impro01_F006.wav,0.4561700224876404
audio/speaker_segments/Ses01F_impro01_F004.wav,audio/speaker_segments/Ses01F_impro01_F007.wav,0.5661529302597046
audio/speaker_segments/Ses01F_impro01_F004.wav,audio/speaker_segments/Ses01F_impro01_F013.wav,0.2868809700012207
audio/speaker_segments/Ses01F_impro01_F004.wav,audio/speaker_segments/Ses01F_impro01_F005.wav,0.31159067153930664
audio/speaker_segments/Ses01F_impro01_F004.wav,audio/speaker_segments/Ses01F_impro01_F011.wav,0.6619141101837158
audio/speaker_segments/Ses01F_impro01_F004.wav,audio/speaker_segments/Ses01F_impro01_F010.wav,0.16337226331233978
audio/speaker_segments/Ses01F_impro01_F004.wav,audio/speaker_segments/Ses01F_impro01_F004.wav,1.0000001192092896
